run_ts,ticker,timeframe,direction,composite_score,wyckoff_score,range_score,volume_score,spring_score,confirmation_score,rs_vs_spy,vol_contraction,mtf_agree,trend_context,data_quality_flag,feat_volume_ratio,feat_volume_pctile,feat_spread_atr,feat_spread_pctile,feat_close_position,made_watchlist,transition
2026-06-17T11:52:50+00:00,A,daily,none,0.0,0.0,0.0,0.0,0.0,0.0,,,n/a,0.0,,1.0201,60.0,0.8406,56.0,0.0136,False,none
2026-06-17T11:52:50+00:00,AAPL,daily,none,0.0,0.0,0.0,0.0,0.0,0.0,,,n/a,0.0,,0.8706,20.0,0.9716,60.0,0.8095,False,none
2026-06-17T11:52:50+00:00,ABBV,daily,distribution,16.4,16.4,-32.25,0.0,0.0,-41.7,,,n/a,-41.7,dropped 1 bar(s) with null OHLC,1.0259,60.0,1.1894,84.0,0.2446,False,none
2026-06-17T11:52:50+00:00,ABNB,daily,none,6.85,6.85,-2.4,0.0,0.0,-31.23,,,n/a,-31.23,dropped 1 bar(s) with null OHLC,1.2623,92.0,1.2692,88.0,0.7951,False,none
2026-06-17T11:52:50+00:00,ABT,daily,none,0.0,0.0,0.0,0.0,0.0,0.0,,,n/a,0.0,,1.0768,68.0,0.9128,56.0,0.9624,False,none
2026-06-17T11:52:50+00:00,ACGL,daily,none,0.3,0.3,0.0,0.0,0.0,-1.52,,,n/a,-1.52,,0.8227,12.0,0.8018,36.0,0.4503,False,none
2026-06-17T11:52:50+00:00,ACN,daily,none,0.0,0.0,0.0,0.0,0.0,0.0,,,n/a,0.0,,0.8923,44.0,0.619,16.0,0.1029,False,none
2026-06-17T11:52:50+00:00,ADBE,daily,none,0.0,0.0,0.0,0.0,0.0,0.0,,,n/a,0.0,,1.3948,80.0,0.6537,36.0,0.5,False,none
2026-06-17T11:52:50+00:00,ADI,daily,none,0.0,0.0,0.0,0.0,0.0,0.0,,,n/a,0.0,,0.8971,40.0,1.2237,92.0,0.0131,False,none
2026-06-17T11:52:50+00:00,ADM,daily,none,0.0,0.0,0.0,0.0,0.0,0.0,,,n/a,0.0,,0.8319,20.0,0.7595,20.0,0.289,False,none
2026-06-17T11:52:50+00:00,ADP,daily,distribution,11.41,11.41,-16.89,0.0,0.0,-35.92,,,n/a,-35.92,,0.9584,48.0,0.9017,60.0,0.3196,False,none
2026-06-17T11:52:50+00:00,ADSK,daily,none,0.0,0.0,0.0,0.0,0.0,0.0,,,n/a,0.0,,1.3987,76.0,0.6292,12.0,0.5808,False,none
2026-06-17T11:52:50+00:00,AEE,daily,accumulation,15.1,15.1,0.0,0.0,100.0,-24.51,,,n/a,-24.51,,0.9978,48.0,0.9011,44.0,0.5191,False,none
2026-06-17T11:52:50+00:00,AEP,daily,accumulation,16.0,16.0,0.0,0.0,100.0,-20.02,,,n/a,-20.02,,1.0,52.0,0.8646,52.0,0.2911,False,none
2026-06-17T11:52:50+00:00,AES,daily,distribution,21.88,21.88,-67.08,0.0,0.0,-25.55,,,n/a,-25.55,,0.5727,4.0,0.7622,52.0,0.2,False,none
2026-06-17T11:52:50+00:00,AFL,daily,distribution,46.44,46.44,-61.35,0.0,-100.0,-55.54,,,n/a,-55.54,,1.4864,92.0,0.8023,24.0,0.511,False,none
2026-06-17T11:52:50+00:00,AIG,daily,accumulation,18.23,18.23,0.0,0.0,100.0,-8.87,,,n/a,-8.87,,0.7142,8.0,0.7832,28.0,0.4331,False,none
2026-06-17T11:52:50+00:00,AIZ,daily,distribution,41.42,41.42,-85.67,0.0,0.0,-100.0,,,n/a,-100.0,,0.9216,40.0,0.6392,20.0,0.4412,False,none
2026-06-17T11:52:50+00:00,AJG,daily,distribution,25.53,25.53,-18.79,0.0,-100.0,-4.19,,,n/a,-4.19,,0.7677,16.0,0.6054,12.0,0.4632,False,none
2026-06-17T11:52:50+00:00,AKAM,daily,none,0.0,0.0,0.0,0.0,0.0,0.0,,,n/a,0.0,,0.5752,4.0,0.8073,40.0,0.0757,False,none
2026-06-17T11:52:50+00:00,ALB,daily,none,0.0,0.0,0.0,0.0,0.0,0.0,,,n/a,0.0,,0.6957,8.0,0.6263,24.0,0.1495,False,none
2026-06-17T11:52:50+00:00,ALGN,daily,none,0.0,0.0,0.0,0.0,0.0,0.0,,,n/a,0.0,,0.6464,20.0,0.5537,4.0,0.5101,False,none
2026-06-17T11:52:50+00:00,ALL,daily,distribution,24.3,24.3,-60.92,0.0,0.0,-45.34,,,n/a,-45.34,,0.7617,8.0,0.5668,4.0,0.4158,False,none
2026-06-17T11:52:50+00:00,ALLE,daily,accumulation,26.66,26.66,0.0,0.0,100.0,33.3,,,n/a,33.3,dropped 1 bar(s) with null OHLC,0.8119,28.0,1.0069,64.0,0.0123,False,none
2026-06-17T11:52:50+00:00,ALNY,daily,accumulation,29.04,29.04,77.37,0.0,0.0,48.48,,,n/a,48.48,,1.208,84.0,1.1687,88.0,0.4298,False,none
2026-06-17T11:52:50+00:00,AMAT,daily,none,0.0,0.0,0.0,0.0,0.0,0.0,,,n/a,0.0,,1.2752,72.0,1.1752,84.0,0.0174,False,none
2026-06-17T11:52:50+00:00,AMCR,daily,distribution,19.27,19.27,-44.98,0.0,0.0,-40.12,,,n/a,-40.12,dropped 1 bar(s) with null OHLC,0.9588,36.0,1.0664,72.0,0.0,False,none
2026-06-17T11:52:50+00:00,AMD,daily,none,0.0,0.0,0.0,0.0,0.0,0.0,,,n/a,0.0,,0.9297,28.0,1.2514,96.0,0.001,False,none
2026-06-17T11:52:50+00:00,AME,daily,distribution,12.83,12.83,-7.62,0.0,0.0,-54.63,,,n/a,-54.63,,0.826,12.0,0.5815,8.0,0.1679,False,none
2026-06-17T11:52:50+00:00,AMGN,daily,distribution,25.82,25.82,-20.23,0.0,-100.0,-3.83,,,n/a,-3.83,,1.288,88.0,0.9142,56.0,0.2529,False,none
2026-06-17T11:52:50+00:00,AMP,daily,distribution,16.37,16.37,-34.38,0.0,0.0,-38.86,,,n/a,-38.86,,1.1065,72.0,1.2305,84.0,0.8489,False,none
2026-06-17T11:52:50+00:00,AMT,daily,none,8.53,8.53,-8.54,0.0,0.0,-31.96,,,n/a,-31.96,,0.9156,28.0,0.7859,36.0,0.2571,False,none
2026-06-17T11:52:50+00:00,AMZN,daily,none,0.0,0.0,0.0,0.0,0.0,0.0,,,n/a,0.0,,0.8768,24.0,0.563,16.0,0.1355,False,none
2026-06-17T11:52:50+00:00,ANET,daily,none,0.0,0.0,0.0,0.0,0.0,0.0,,,n/a,0.0,dropped 1 bar(s) with null OHLC,0.7918,28.0,0.7341,36.0,0.9671,False,none
2026-06-17T11:52:50+00:00,AON,daily,distribution,26.64,26.64,-18.34,0.0,-100.0,-10.28,,,n/a,-10.28,,1.1912,80.0,0.5229,8.0,0.5771,False,none
2026-06-17T11:52:50+00:00,AOS,daily,accumulation,25.47,25.47,0.0,0.0,100.0,27.36,,,n/a,27.36,,0.8151,16.0,0.7254,28.0,0.066,False,none
2026-06-17T11:52:50+00:00,APA,daily,none,0.0,0.0,0.0,0.0,0.0,0.0,,,n/a,0.0,,1.4078,88.0,0.432,4.0,0.6866,False,none
2026-06-17T11:52:50+00:00,APD,daily,accumulation,30.78,30.78,44.88,0.0,100.0,-2.19,,,n/a,-2.19,,1.6111,96.0,1.0273,64.0,0.3338,False,none
2026-06-17T11:52:50+00:00,APH,daily,none,0.0,0.0,0.0,0.0,0.0,0.0,,,n/a,0.0,,0.7942,16.0,0.7922,44.0,0.3459,False,none
2026-06-17T11:52:50+00:00,APO,daily,none,0.0,0.0,0.0,0.0,0.0,0.0,,,n/a,0.0,,0.9137,36.0,0.7858,40.0,0.6527,False,none
2026-06-17T11:52:50+00:00,APP,daily,none,0.0,0.0,0.0,0.0,0.0,0.0,,,n/a,0.0,dropped 1 bar(s) with null OHLC,1.6034,96.0,0.6812,24.0,0.5884,False,none
2026-06-17T11:52:50+00:00,APTV,daily,none,0.0,0.0,0.0,0.0,0.0,0.0,,,n/a,0.0,,0.7145,12.0,0.5254,12.0,0.1524,False,none
2026-06-17T11:52:50+00:00,ARE,daily,none,0.0,0.0,0.0,0.0,0.0,0.0,,,n/a,0.0,,1.2109,72.0,0.8964,56.0,0.2701,False,none
2026-06-17T11:52:50+00:00,ARES,daily,none,0.0,0.0,0.0,0.0,0.0,0.0,,,n/a,0.0,dropped 1 bar(s) with null OHLC,1.0873,64.0,1.3736,96.0,0.0297,False,none
2026-06-17T11:52:50+00:00,ARM,daily,none,0.0,0.0,0.0,0.0,0.0,0.0,,,n/a,0.0,,1.1023,60.0,0.9625,60.0,0.0141,False,none
2026-06-17T11:52:50+00:00,ASML,daily,none,0.0,0.0,0.0,0.0,0.0,0.0,,,n/a,0.0,,1.0288,56.0,0.9839,80.0,0.0163,False,none
2026-06-17T11:52:50+00:00,ATO,daily,accumulation,20.52,20.52,60.16,0.0,0.0,27.43,,,n/a,27.43,,0.6334,12.0,0.7894,32.0,0.2979,False,none
2026-06-17T11:52:50+00:00,AVB,daily,distribution,46.31,46.31,-42.22,0.0,-100.0,-78.76,,,n/a,-78.76,,0.9023,40.0,0.867,52.0,0.2822,False,none
2026-06-17T11:52:50+00:00,AVGO,daily,none,0.0,0.0,0.0,0.0,0.0,0.0,,,n/a,0.0,,1.1416,60.0,0.7133,48.0,0.0163,False,none
2026-06-17T11:52:50+00:00,AVY,daily,accumulation,18.88,18.88,0.0,0.0,100.0,-5.58,,,n/a,-5.58,,0.8852,24.0,0.6683,28.0,0.5679,False,none
2026-06-17T11:52:50+00:00,AWK,daily,accumulation,24.71,24.71,0.0,0.0,100.0,23.57,,,n/a,23.57,,1.3657,76.0,0.6617,12.0,0.8541,False,none
2026-06-17T11:52:50+00:00,AXON,daily,none,0.0,0.0,0.0,0.0,0.0,0.0,,,n/a,0.0,,0.7093,12.0,0.7819,36.0,0.3976,False,none
2026-06-17T11:52:50+00:00,AXP,daily,distribution,38.55,38.55,-91.49,0.0,0.0,-78.37,,,n/a,-78.37,,1.388,88.0,0.9597,68.0,0.7849,False,none
2026-06-17T11:52:50+00:00,AZO,daily,accumulation,45.86,45.86,24.52,100.0,0.0,23.62,,,n/a,23.62,,1.7345,96.0,0.6924,32.0,0.7599,False,none
2026-06-17T11:52:50+00:00,BA,daily,none,0.0,0.0,0.0,0.0,0.0,0.0,,,n/a,0.0,,0.5568,4.0,0.649,24.0,0.438,False,none
2026-06-17T11:52:50+00:00,BAC,daily,distribution,43.34,43.34,-93.34,0.0,0.0,-100.0,,,n/a,-100.0,,0.9737,40.0,0.7751,24.0,0.7262,False,none
2026-06-17T11:52:50+00:00,BALL,daily,accumulation,17.65,17.65,0.0,0.0,100.0,-11.77,,,n/a,-11.77,,0.9151,28.0,0.6563,20.0,0.8471,False,none
2026-06-17T11:52:50+00:00,BAX,daily,none,0.0,0.0,0.0,0.0,0.0,0.0,,,n/a,0.0,,1.0059,60.0,0.9752,64.0,0.1493,False,none
2026-06-17T11:52:50+00:00,BBY,daily,none,0.0,0.0,0.0,0.0,0.0,0.0,,,n/a,0.0,,0.8933,28.0,0.9894,84.0,0.0667,False,none
2026-06-17T11:52:50+00:00,BDX,daily,accumulation,32.16,32.16,28.02,0.0,100.0,25.78,,,n/a,25.78,,0.6326,8.0,0.7153,36.0,0.3422,False,none
2026-06-17T11:52:50+00:00,BEN,daily,none,0.0,0.0,0.0,0.0,0.0,0.0,,,n/a,0.0,,1.0503,64.0,0.6873,32.0,0.8036,False,none
2026-06-17T11:52:50+00:00,BF-B,daily,none,0.0,0.0,0.0,0.0,0.0,0.0,,,n/a,0.0,,0.8328,16.0,0.9481,60.0,0.1842,False,none
2026-06-17T11:52:50+00:00,BG,daily,none,6.81,6.81,59.5,0.0,-100.0,-8.41,,,n/a,-8.41,,0.7852,20.0,0.8065,28.0,0.0095,False,none
2026-06-17T11:52:50+00:00,BIIB,daily,distribution,11.77,11.77,-15.9,0.0,0.0,-38.99,,,n/a,-38.99,,1.1889,72.0,1.0499,72.0,0.2524,False,none
2026-06-17T11:52:50+00:00,BKNG,daily,none,0.0,0.0,0.0,0.0,0.0,0.0,,,n/a,0.0,,1.0616,64.0,0.4619,4.0,0.6207,False,none
2026-06-17T11:52:50+00:00,BKR,daily,none,1.83,1.83,16.45,0.0,0.0,-11.4,,,n/a,-11.4,,0.9252,20.0,0.6151,12.0,0.2,False,none
2026-06-17T11:52:50+00:00,BLDR,daily,none,0.0,0.0,0.0,0.0,0.0,0.0,,,n/a,0.0,,0.6758,8.0,0.6348,12.0,0.2143,False,none
2026-06-17T11:52:50+00:00,BLK,daily,distribution,13.41,13.41,-11.79,0.0,0.0,-52.33,,,n/a,-52.33,,0.7407,16.0,0.758,36.0,0.7473,False,none
2026-06-17T11:52:50+00:00,BMY,daily,accumulation,29.09,29.09,29.52,0.0,100.0,8.55,,,n/a,8.55,,1.2471,68.0,0.8468,44.0,0.4017,False,none
2026-06-17T11:52:50+00:00,BNY,daily,none,0.0,0.0,0.0,0.0,0.0,0.0,,,n/a,0.0,,0.9537,40.0,0.9787,60.0,0.75,False,none
2026-06-17T11:52:50+00:00,BR,daily,accumulation,31.37,31.37,57.78,0.0,0.0,84.61,,,n/a,84.61,,1.0,52.0,0.4797,12.0,0.3722,False,none
2026-06-17T11:52:50+00:00,BRK-B,daily,distribution,17.67,17.67,-59.01,0.0,0.0,-14.57,,,n/a,-14.57,,0.8837,24.0,1.0477,68.0,0.3424,False,none
2026-06-17T11:52:50+00:00,BRO,daily,accumulation,10.7,10.7,0.0,0.0,0.0,53.5,,,n/a,53.5,,0.8342,20.0,0.4523,4.0,0.5062,False,none
2026-06-17T11:52:50+00:00,BSX,daily,none,0.0,0.0,0.0,0.0,0.0,0.0,,,n/a,0.0,,0.6191,4.0,0.5985,16.0,0.6857,False,none
2026-06-17T11:52:50+00:00,BX,daily,distribution,30.54,30.54,-54.69,0.0,0.0,-84.33,,,n/a,-84.33,,0.8767,32.0,0.59,8.0,0.7795,False,none
2026-06-17T11:52:50+00:00,BXP,daily,none,0.0,0.0,0.0,0.0,0.0,0.0,,,n/a,0.0,,0.9736,44.0,1.0886,68.0,0.2976,False,none
2026-06-17T11:52:50+00:00,C,daily,none,0.0,0.0,0.0,0.0,0.0,0.0,,,n/a,0.0,,1.1872,88.0,0.722,36.0,0.7918,False,none
2026-06-17T11:52:50+00:00,CAG,daily,accumulation,28.49,28.49,0.75,0.0,100.0,41.49,,,n/a,41.49,,1.0276,60.0,1.0219,56.0,0.3488,False,none
2026-06-17T11:52:50+00:00,CAH,daily,distribution,31.67,31.67,-87.35,0.0,0.0,-49.18,,,n/a,-49.18,,1.3039,80.0,0.9181,56.0,0.5329,False,none
2026-06-17T11:52:50+00:00,CARR,daily,none,0.0,0.0,0.0,0.0,0.0,0.0,,,n/a,0.0,dropped 1 bar(s) with null OHLC,0.9418,36.0,0.665,32.0,0.0194,False,none
2026-06-17T11:52:50+00:00,CASY,daily,none,0.0,0.0,0.0,0.0,0.0,0.0,,,n/a,0.0,,0.8123,20.0,0.7455,44.0,0.0931,False,none
2026-06-17T11:52:50+00:00,CAT,daily,none,0.0,0.0,0.0,0.0,0.0,0.0,,,n/a,0.0,,1.0591,72.0,0.683,40.0,0.2838,False,none
2026-06-17T11:52:50+00:00,CB,daily,distribution,45.15,45.15,-31.49,-100.0,0.0,-11.37,,,n/a,-11.37,,0.691,12.0,0.9308,56.0,0.4825,False,none
2026-06-17T11:52:50+00:00,CBOE,daily,none,0.0,0.0,0.0,0.0,0.0,0.0,,,n/a,0.0,,2.3647,92.0,2.2851,100.0,0.0237,False,none
2026-06-17T11:52:50+00:00,CBRE,daily,none,0.0,0.0,0.0,0.0,0.0,0.0,,,n/a,0.0,,0.7011,20.0,0.558,16.0,0.3796,False,none
2026-06-17T11:52:50+00:00,CCEP,daily,distribution,26.8,26.8,-69.3,0.0,0.0,-47.37,,,n/a,-47.37,,0.9078,40.0,0.8256,36.0,0.3059,False,none
2026-06-17T11:52:50+00:00,CCI,daily,distribution,29.82,29.82,-6.26,0.0,-100.0,-41.27,,,n/a,-41.27,,1.0158,64.0,0.8222,40.0,0.2562,False,none
2026-06-17T11:52:50+00:00,CCL,daily,none,0.0,0.0,0.0,0.0,0.0,0.0,,,n/a,0.0,,1.0,52.0,0.7015,48.0,0.8193,False,none
2026-06-17T11:52:50+00:00,CDNS,daily,none,0.0,0.0,0.0,0.0,0.0,0.0,,,n/a,0.0,,0.8141,12.0,0.7017,40.0,0.0596,False,none
2026-06-17T11:52:50+00:00,CDW,daily,none,0.0,0.0,0.0,0.0,0.0,0.0,,,n/a,0.0,dropped 1 bar(s) with null OHLC,1.5089,84.0,0.89,56.0,0.0426,False,none
2026-06-17T11:52:50+00:00,CEG,daily,none,0.0,0.0,0.0,0.0,0.0,0.0,,,n/a,0.0,dropped 1 bar(s) with null OHLC,1.0189,56.0,0.7332,48.0,0.7076,False,none
2026-06-17T11:52:50+00:00,CF,daily,none,0.0,0.0,0.0,0.0,0.0,0.0,,,n/a,0.0,,1.0117,56.0,0.4576,4.0,0.3427,False,none
2026-06-17T11:52:50+00:00,CFG,daily,distribution,30.27,30.27,-50.41,0.0,0.0,-88.34,,,n/a,-88.34,dropped 1 bar(s) with null OHLC,1.0845,68.0,1.4408,96.0,0.0541,False,none
2026-06-17T11:52:50+00:00,CHD,daily,distribution,15.81,15.81,-46.14,0.0,0.0,-21.39,,,n/a,-21.39,,1.0,52.0,0.9821,52.0,0.2093,False,none
2026-06-17T11:52:50+00:00,CHTR,daily,none,0.0,0.0,0.0,0.0,0.0,0.0,,,n/a,0.0,,0.7777,20.0,0.7242,20.0,0.2156,False,none
2026-06-17T11:52:50+00:00,CI,daily,distribution,20.44,20.44,-34.98,0.0,0.0,-58.46,,,n/a,-58.46,,0.7603,8.0,1.0046,72.0,0.4776,False,none
2026-06-17T11:52:50+00:00,CIEN,daily,none,0.0,0.0,0.0,0.0,0.0,0.0,,,n/a,0.0,,1.5844,88.0,0.9437,68.0,0.0996,False,none
2026-06-17T11:52:50+00:00,CINF,daily,distribution,30.61,30.61,-86.16,0.0,0.0,-45.36,,,n/a,-45.36,,1.0722,60.0,0.8743,44.0,0.6753,False,none
2026-06-17T11:52:50+00:00,CL,daily,distribution,40.41,40.41,-52.96,0.0,-100.0,-35.85,,,n/a,-35.85,,1.0781,84.0,0.7555,40.0,0.2945,False,none
2026-06-17T11:52:50+00:00,CLX,daily,none,6.98,6.98,0.0,0.0,0.0,34.91,,,n/a,34.91,,0.9774,36.0,0.6766,32.0,0.6754,False,none
2026-06-17T11:52:50+00:00,CMCSA,daily,none,0.0,0.0,0.0,0.0,0.0,0.0,,,n/a,0.0,,1.0,52.0,1.3166,88.0,0.4096,False,none
2026-06-17T11:52:50+00:00,CME,daily,accumulation,53.98,53.98,18.16,100.0,0.0,72.18,,,n/a,72.18,,1.3038,84.0,1.7807,92.0,0.5311,False,none
2026-06-17T11:52:50+00:00,CMG,daily,none,0.0,0.0,0.0,0.0,0.0,0.0,,,n/a,0.0,,0.8756,32.0,0.786,32.0,0.0455,False,none
2026-06-17T11:52:50+00:00,CMI,daily,none,0.0,0.0,0.0,0.0,0.0,0.0,,,n/a,0.0,,1.4087,92.0,1.0683,76.0,0.7222,False,none
2026-06-17T11:52:50+00:00,CMS,daily,accumulation,19.75,19.75,0.0,0.0,100.0,-1.24,,,n/a,-1.24,,0.8508,36.0,0.7785,36.0,0.3738,False,none
2026-06-17T11:52:50+00:00,CNP,daily,none,8.28,8.28,-18.2,0.0,0.0,-18.65,,,n/a,-18.65,,1.0748,64.0,1.3381,92.0,0.6759,False,none
2026-06-17T11:52:50+00:00,COF,daily,distribution,16.26,16.26,-20.91,0.0,0.0,-55.17,,,n/a,-55.17,,1.1493,80.0,0.9256,64.0,0.9429,False,none
2026-06-17T11:52:50+00:00,COHR,daily,none,0.0,0.0,0.0,0.0,0.0,0.0,,,n/a,0.0,,0.9852,48.0,1.2222,84.0,0.0228,False,none
2026-06-17T11:52:50+00:00,COIN,daily,none,0.0,0.0,0.0,0.0,0.0,0.0,,,n/a,0.0,dropped 1 bar(s) with null OHLC,1.0085,56.0,0.4604,8.0,0.1704,False,none
2026-06-17T11:52:50+00:00,COO,daily,none,3.73,3.73,0.0,0.0,0.0,18.65,,,n/a,18.65,,0.9204,44.0,0.6247,20.0,0.0541,False,none
2026-06-17T11:52:50+00:00,COP,daily,accumulation,31.07,31.07,77.8,0.0,0.0,58.12,,,n/a,58.12,,1.3407,88.0,0.5562,8.0,0.9894,False,none
2026-06-17T11:52:50+00:00,COR,daily,none,0.0,0.0,0.0,0.0,0.0,0.0,,,n/a,0.0,,0.6766,16.0,0.898,52.0,0.8161,False,none
2026-06-17T11:52:50+00:00,COST,daily,none,0.38,0.38,4.98,0.0,0.0,-8.12,,,n/a,-8.12,,0.7077,4.0,0.9564,64.0,0.6085,False,none
2026-06-17T11:52:50+00:00,CPAY,daily,none,0.0,0.0,0.0,0.0,0.0,0.0,,,n/a,0.0,,1.0,52.0,0.9342,60.0,0.8494,False,none
2026-06-17T11:52:50+00:00,CPB,daily,none,5.15,5.15,0.0,0.0,0.0,-25.77,,,n/a,-25.77,,1.2217,72.0,1.1775,80.0,0.1098,False,none
2026-06-17T11:52:50+00:00,CPRT,daily,none,1.2,1.2,58.99,0.0,-100.0,32.26,,,n/a,32.26,,1.0847,64.0,0.51,4.0,0.6923,False,none
2026-06-17T11:52:50+00:00,CPT,daily,distribution,26.49,26.49,-39.27,0.0,0.0,-83.35,,,n/a,-83.35,,1.1585,68.0,1.3178,92.0,0.2827,False,none
2026-06-17T11:52:50+00:00,CRH,daily,none,6.95,6.95,-1.32,0.0,100.0,-63.6,,,n/a,-63.6,,1.1709,64.0,0.7389,36.0,0.8346,False,none
2026-06-17T11:52:50+00:00,CRL,daily,none,0.0,0.0,0.0,0.0,0.0,0.0,,,n/a,0.0,,0.8506,24.0,0.6616,12.0,0.028,False,none
2026-06-17T11:52:50+00:00,CRM,daily,none,0.0,0.0,0.0,0.0,0.0,0.0,,,n/a,0.0,,1.1973,72.0,0.6716,44.0,0.2086,False,none
2026-06-17T11:52:50+00:00,CRWD,daily,none,0.0,0.0,0.0,0.0,0.0,0.0,,,n/a,0.0,dropped 1 bar(s) with null OHLC,0.7204,20.0,0.8009,40.0,0.8399,False,none
2026-06-17T11:52:50+00:00,CSCO,daily,none,0.0,0.0,0.0,0.0,0.0,0.0,,,n/a,0.0,,0.6756,4.0,0.3346,4.0,0.2357,False,none
2026-06-17T11:52:50+00:00,CSGP,daily,none,0.0,0.0,0.0,0.0,0.0,0.0,,,n/a,0.0,,0.8213,24.0,0.7231,16.0,0.3056,False,none
2026-06-17T11:52:50+00:00,CSX,daily,distribution,36.12,36.12,-64.47,0.0,0.0,-100.0,,,n/a,-100.0,,0.8596,28.0,1.0963,76.0,0.1058,False,none
2026-06-17T11:52:50+00:00,CTAS,daily,none,1.2,1.2,0.0,0.0,0.0,5.99,,,n/a,5.99,,1.3411,84.0,0.6183,20.0,0.9148,False,none
2026-06-17T11:52:50+00:00,CTSH,daily,none,0.0,0.0,0.0,0.0,0.0,0.0,,,n/a,0.0,,1.0704,80.0,0.5561,12.0,0.5378,False,none
2026-06-17T11:52:50+00:00,CTVA,daily,accumulation,18.93,18.93,64.51,0.0,0.0,14.0,,,n/a,14.0,dropped 1 bar(s) with null OHLC,1.2204,76.0,1.084,72.0,0.1008,False,none
2026-06-17T11:52:50+00:00,CVNA,daily,none,0.0,0.0,0.0,0.0,0.0,0.0,,,n/a,0.0,dropped 1 bar(s) with null OHLC,1.5235,96.0,0.8851,40.0,0.5494,False,none
2026-06-17T11:52:50+00:00,CVS,daily,none,0.0,0.0,0.0,0.0,0.0,0.0,,,n/a,0.0,,0.6671,8.0,0.9188,56.0,0.8756,False,none
2026-06-17T11:52:50+00:00,CVX,daily,accumulation,26.66,26.66,67.05,0.0,0.0,49.5,,,n/a,49.5,,0.7525,24.0,0.4373,4.0,0.9271,False,none
2026-06-17T11:52:50+00:00,D,daily,distribution,36.11,36.11,-78.39,0.0,0.0,-82.57,,,n/a,-82.57,,0.8784,32.0,0.7472,48.0,0.3421,False,none
2026-06-17T11:52:50+00:00,DAL,daily,none,0.0,0.0,0.0,0.0,0.0,0.0,,,n/a,0.0,,1.4976,92.0,0.9864,68.0,0.075,False,none
2026-06-17T11:52:50+00:00,DASH,daily,none,0.0,0.0,0.0,0.0,0.0,0.0,,,n/a,0.0,dropped 1 bar(s) with null OHLC,1.5099,96.0,2.1261,100.0,0.9428,False,none
2026-06-17T11:52:50+00:00,DD,daily,distribution,13.64,13.64,0.0,0.0,0.0,-68.22,,,n/a,-68.22,,0.8926,40.0,0.7065,28.0,0.0874,False,none
2026-06-17T11:52:50+00:00,DDOG,daily,none,0.0,0.0,0.0,0.0,0.0,0.0,,,n/a,0.0,dropped 1 bar(s) with null OHLC,1.0468,64.0,0.8332,56.0,0.4645,False,none
2026-06-17T11:52:50+00:00,DE,daily,none,5.16,5.16,-1.16,0.0,0.0,-24.36,,,n/a,-24.36,,0.527,4.0,0.7939,40.0,0.614,False,none
2026-06-17T11:52:50+00:00,DECK,daily,distribution,14.87,14.87,-20.7,0.0,0.0,-48.49,,,n/a,-48.49,,0.682,8.0,1.2564,76.0,0.0148,False,none
2026-06-17T11:52:50+00:00,DELL,daily,none,0.0,0.0,0.0,0.0,0.0,0.0,,,n/a,0.0,dropped 1 bar(s) with null OHLC,0.8211,36.0,0.7857,56.0,0.6864,False,none
2026-06-17T11:52:50+00:00,DG,daily,accumulation,28.22,28.22,0.0,0.0,100.0,41.08,,,n/a,41.08,,0.9617,44.0,1.0719,76.0,0.1667,False,none
2026-06-17T11:52:50+00:00,DGX,daily,none,3.41,3.41,0.0,0.0,0.0,-17.05,,,n/a,-17.05,,1.284,88.0,1.1802,84.0,0.2738,False,none
2026-06-17T11:52:50+00:00,DHI,daily,distribution,20.5,20.5,-10.84,0.0,0.0,-88.95,,,n/a,-88.95,,0.8181,28.0,0.6965,24.0,0.2922,False,none
2026-06-17T11:52:50+00:00,DHR,daily,none,4.02,4.02,0.0,0.0,0.0,20.1,,,n/a,20.1,,0.7208,4.0,0.6163,12.0,0.2787,False,none
2026-06-17T11:52:50+00:00,DIS,daily,none,1.78,1.78,0.0,0.0,0.0,-8.89,,,n/a,-8.89,,1.3008,96.0,0.9101,40.0,0.6543,False,none
2026-06-17T11:52:50+00:00,DLR,daily,distribution,10.63,10.63,0.0,0.0,0.0,-53.14,,,n/a,-53.14,,1.5643,96.0,1.4646,92.0,0.801,False,none
2026-06-17T11:52:50+00:00,DLTR,daily,none,0.0,0.0,0.0,0.0,0.0,0.0,,,n/a,0.0,,0.6085,4.0,0.8463,56.0,0.0166,False,none
2026-06-17T11:52:50+00:00,DOC,daily,none,0.0,0.0,0.0,0.0,0.0,0.0,,,n/a,0.0,,1.0,52.0,1.1618,92.0,0.1481,False,none
2026-06-17T11:52:50+00:00,DOV,daily,none,9.08,9.08,-9.94,0.0,0.0,-32.97,,,n/a,-32.97,,0.9371,40.0,0.6849,28.0,0.1474,False,none
2026-06-17T11:52:50+00:00,DOW,daily,none,0.0,0.0,0.0,0.0,0.0,0.0,,,n/a,0.0,dropped 1 bar(s) with null OHLC,1.4243,84.0,1.0525,72.0,0.9429,False,none
2026-06-17T11:52:50+00:00,DPZ,daily,accumulation,16.24,16.24,10.46,0.0,0.0,68.11,,,n/a,68.11,,1.0753,68.0,0.7812,20.0,0.4755,False,none
2026-06-17T11:52:50+00:00,DRI,daily,distribution,14.59,14.59,-43.36,0.0,0.0,-18.74,,,n/a,-18.74,,0.9009,32.0,0.6972,24.0,0.4868,False,none
2026-06-17T11:52:50+00:00,DTE,daily,none,5.14,5.14,0.0,0.0,0.0,-25.71,,,n/a,-25.71,,0.7584,8.0,0.7724,48.0,0.4335,False,none
2026-06-17T11:52:50+00:00,DUK,daily,accumulation,19.73,19.73,0.0,0.0,100.0,-1.34,,,n/a,-1.34,,1.083,80.0,0.9337,48.0,0.5381,False,none
2026-06-17T11:52:50+00:00,DVA,daily,none,0.0,0.0,0.0,0.0,0.0,0.0,,,n/a,0.0,,1.0,52.0,0.8436,28.0,0.3681,False,none
2026-06-17T11:52:50+00:00,DVN,daily,accumulation,27.28,27.28,64.19,0.0,0.0,56.15,,,n/a,56.15,,0.9541,36.0,0.4352,8.0,0.5652,False,none
2026-06-17T11:52:50+00:00,DXCM,daily,none,0.0,0.0,0.0,0.0,0.0,0.0,,,n/a,0.0,,0.5014,4.0,0.5433,12.0,0.0566,False,none
2026-06-17T11:52:50+00:00,EBAY,daily,none,0.0,0.0,0.0,0.0,0.0,0.0,,,n/a,0.0,,0.7051,20.0,0.8078,36.0,0.1901,False,none
2026-06-17T11:52:50+00:00,ECL,daily,none,2.81,2.81,-62.95,0.0,100.0,-35.36,,,n/a,-35.36,,1.236,84.0,1.2332,88.0,0.626,False,none
2026-06-17T11:52:50+00:00,ED,daily,accumulation,20.16,20.16,0.0,0.0,100.0,0.79,,,n/a,0.79,,0.7865,4.0,0.938,48.0,0.5764,False,none
2026-06-17T11:52:50+00:00,EFX,daily,none,0.0,0.0,0.0,0.0,0.0,0.0,,,n/a,0.0,,1.1517,76.0,0.8019,48.0,0.8545,False,none
2026-06-17T11:52:50+00:00,EG,daily,distribution,27.51,27.51,0.0,0.0,-100.0,-37.56,,,n/a,-37.56,,1.0148,60.0,1.047,60.0,0.1261,False,none
2026-06-17T11:52:50+00:00,EIX,daily,none,4.56,4.56,0.0,0.0,0.0,-22.8,,,n/a,-22.8,,0.8755,28.0,0.7547,44.0,0.0472,False,none
2026-06-17T11:52:50+00:00,EL,daily,none,0.0,0.0,0.0,0.0,0.0,0.0,,,n/a,0.0,,1.1377,68.0,1.1872,88.0,0.0174,False,none
2026-06-17T11:52:50+00:00,ELV,daily,none,0.0,0.0,0.0,0.0,0.0,0.0,,,n/a,0.0,,0.7427,12.0,0.7902,48.0,0.4458,False,none
2026-06-17T11:52:50+00:00,EME,daily,none,0.0,0.0,0.0,0.0,0.0,0.0,,,n/a,0.0,,1.0,52.0,0.8813,52.0,0.049,False,none
2026-06-17T11:52:50+00:00,EMR,daily,distribution,54.46,54.46,-71.48,0.0,-100.0,-82.96,,,n/a,-82.96,,1.5726,100.0,1.2125,92.0,0.4547,False,none
2026-06-17T11:52:50+00:00,EOG,daily,none,6.86,6.86,11.12,0.0,0.0,20.38,,,n/a,20.38,,1.1486,80.0,0.7154,36.0,0.9823,False,none
2026-06-17T11:52:50+00:00,EQIX,daily,distribution,27.35,27.35,-50.63,0.0,0.0,-73.47,,,n/a,-73.47,,1.2166,76.0,1.5923,96.0,0.6447,False,none
2026-06-17T11:52:50+00:00,EQR,daily,distribution,44.13,44.13,-32.87,0.0,-100.0,-79.55,,,n/a,-79.55,,0.8982,36.0,0.7498,32.0,0.2917,False,none
2026-06-17T11:52:50+00:00,EQT,daily,none,0.0,0.0,0.0,0.0,0.0,0.0,,,n/a,0.0,,1.5488,92.0,1.2221,76.0,0.6829,False,none
2026-06-17T11:52:50+00:00,ERIE,daily,accumulation,25.58,25.58,0.0,0.0,100.0,27.92,,,n/a,27.92,,0.9638,40.0,0.5869,16.0,0.44,False,none
2026-06-17T11:52:50+00:00,ES,daily,distribution,29.51,29.51,-14.35,0.0,-100.0,-29.61,,,n/a,-29.61,,0.7996,20.0,0.8683,36.0,0.229,False,none
2026-06-17T11:52:50+00:00,ESS,daily,distribution,31.86,31.86,-55.18,0.0,0.0,-90.34,,,n/a,-90.34,,0.7043,4.0,0.9454,52.0,0.2682,False,none
2026-06-17T11:52:50+00:00,ETN,daily,distribution,18.02,18.02,-13.75,0.0,0.0,-72.92,,,n/a,-72.92,,0.7644,4.0,0.5489,20.0,0.0572,False,none
2026-06-17T11:52:50+00:00,ETR,daily,distribution,13.12,13.12,0.0,0.0,0.0,-65.58,,,n/a,-65.58,,1.0369,60.0,1.1208,76.0,0.5407,False,none
2026-06-17T11:52:50+00:00,EVRG,daily,distribution,40.21,40.21,-50.49,0.0,-100.0,-37.95,,,n/a,-37.95,,0.9652,48.0,1.0765,68.0,0.268,False,none
2026-06-17T11:52:50+00:00,EW,daily,distribution,26.48,26.48,-76.42,0.0,0.0,-36.85,,,n/a,-36.85,,1.1409,76.0,0.8337,36.0,0.5024,False,none
2026-06-17T11:52:50+00:00,EXC,daily,none,1.27,1.27,0.0,0.0,0.0,-6.33,,,n/a,-6.33,,0.9303,40.0,0.9631,60.0,0.5116,False,none
2026-06-17T11:52:50+00:00,EXE,daily,none,0.0,0.0,0.0,0.0,0.0,0.0,,,n/a,0.0,dropped 1 bar(s) with null OHLC,1.2411,88.0,1.2025,88.0,0.2957,False,none
2026-06-17T11:52:50+00:00,EXPE,daily,none,0.0,0.0,0.0,0.0,0.0,0.0,,,n/a,0.0,,1.1478,76.0,1.1052,76.0,0.6876,False,none
2026-06-17T11:52:50+00:00,EXR,daily,distribution,26.8,26.8,-52.75,0.0,0.0,-68.06,,,n/a,-68.06,,1.4498,92.0,0.9381,60.0,0.0701,False,none
2026-06-17T11:52:50+00:00,F,daily,none,0.0,0.0,0.0,0.0,0.0,0.0,,,n/a,0.0,,0.7262,24.0,0.5519,20.0,0.0,False,none
2026-06-17T11:52:50+00:00,FANG,daily,none,0.37,0.37,0.0,0.0,0.0,-1.83,,,n/a,-1.83,dropped 1 bar(s) with null OHLC,1.7254,88.0,1.2426,84.0,0.897,False,none
2026-06-17T11:52:50+00:00,FAST,daily,accumulation,14.21,14.21,0.0,0.0,100.0,-28.97,,,n/a,-28.97,,0.866,36.0,1.0562,80.0,0.34,False,none
2026-06-17T11:52:50+00:00,FCX,daily,none,0.0,0.0,0.0,0.0,0.0,0.0,,,n/a,0.0,,0.7135,12.0,0.5851,16.0,0.2674,False,none
2026-06-17T11:52:50+00:00,FDS,daily,none,0.0,0.0,0.0,0.0,0.0,0.0,,,n/a,0.0,,0.6283,8.0,0.561,8.0,0.3789,False,none
2026-06-17T11:52:50+00:00,FDX,daily,distribution,30.74,30.74,-58.54,0.0,0.0,-80.54,,,n/a,-80.54,,0.7305,16.0,0.7756,44.0,0.1209,False,none
2026-06-17T11:52:50+00:00,FDXF,daily,none,0.0,0.0,0.0,0.0,0.0,0.0,,,n/a,0.0,,,,,,0.5457,False,none
2026-06-17T11:52:50+00:00,FE,daily,none,0.72,0.72,0.0,0.0,0.0,3.58,,,n/a,3.58,,0.6939,4.0,0.9454,44.0,0.4937,False,none
2026-06-17T11:52:50+00:00,FER,daily,distribution,46.65,46.65,-10.82,-100.0,0.0,-44.73,,,n/a,-44.73,dropped 1 bar(s) with null OHLC,1.0,52.0,0.5369,36.0,0.1,False,none
2026-06-17T11:52:50+00:00,FFIV,daily,none,0.0,0.0,0.0,0.0,0.0,0.0,,,n/a,0.0,,0.9667,40.0,1.1451,80.0,0.1717,False,none
2026-06-17T11:52:50+00:00,FICO,daily,none,0.0,0.0,0.0,0.0,0.0,0.0,,,n/a,0.0,,0.85,20.0,0.661,28.0,0.5526,False,none
2026-06-17T11:52:50+00:00,FIS,daily,none,0.0,0.0,0.0,0.0,0.0,0.0,,,n/a,0.0,,0.7964,20.0,0.5664,4.0,0.679,False,none
2026-06-17T11:52:50+00:00,FITB,daily,distribution,32.6,32.6,-50.41,0.0,0.0,-100.0,,,n/a,-100.0,,0.8201,28.0,0.6471,32.0,0.4211,False,none
2026-06-17T11:52:50+00:00,FIX,daily,none,0.0,0.0,0.0,0.0,0.0,0.0,,,n/a,0.0,,1.0144,56.0,0.8393,52.0,0.0,False,none
2026-06-17T11:52:50+00:00,FOX,daily,accumulation,34.84,34.84,63.48,100.0,-100.0,19.85,,,n/a,19.85,dropped 1 bar(s) with null OHLC,7.1473,100.0,2.0598,100.0,0.3607,False,none
2026-06-17T11:52:50+00:00,FOXA,daily,none,0.0,0.0,0.0,0.0,0.0,0.0,,,n/a,0.0,dropped 1 bar(s) with null OHLC,11.9985,100.0,2.0754,100.0,0.2939,False,none
2026-06-17T11:52:50+00:00,FRT,daily,distribution,70.91,70.91,-63.65,-100.0,0.0,-100.0,,,n/a,-100.0,,1.2417,88.0,1.1968,84.0,0.1422,True,new
2026-06-17T11:52:50+00:00,FSLR,daily,none,0.0,0.0,0.0,0.0,0.0,0.0,,,n/a,0.0,,0.7226,16.0,0.8915,52.0,0.0475,False,none
2026-06-17T11:52:50+00:00,FTNT,daily,none,0.0,0.0,0.0,0.0,0.0,0.0,,,n/a,0.0,,0.8946,20.0,0.7986,40.0,0.5912,False,none
2026-06-17T11:52:50+00:00,FTV,daily,distribution,29.69,29.69,-4.69,0.0,-100.0,-42.57,,,n/a,-42.57,dropped 1 bar(s) with null OHLC,1.057,64.0,1.0514,68.0,0.4094,False,none
2026-06-17T11:52:50+00:00,GD,daily,distribution,29.1,29.1,-93.23,0.0,0.0,-28.95,,,n/a,-28.95,,1.1451,68.0,0.8991,68.0,0.7877,False,none
2026-06-17T11:52:50+00:00,GDDY,daily,none,0.0,0.0,0.0,0.0,0.0,0.0,,,n/a,0.0,dropped 1 bar(s) with null OHLC,1.4675,88.0,0.7514,28.0,0.3727,False,none
2026-06-17T11:52:50+00:00,GE,daily,none,0.0,0.0,0.0,0.0,0.0,0.0,,,n/a,0.0,,1.1092,84.0,0.8977,64.0,0.8699,False,none
2026-06-17T11:52:50+00:00,GEHC,daily,none,0.0,0.0,0.0,0.0,0.0,0.0,,,n/a,0.0,dropped 1 bar(s) with null OHLC,0.7544,20.0,1.0275,64.0,0.0667,False,none
2026-06-17T11:52:50+00:00,GEN,daily,none,0.0,0.0,0.0,0.0,0.0,0.0,,,n/a,0.0,,0.6824,12.0,1.0438,68.0,0.4149,False,none
2026-06-17T11:52:50+00:00,GEV,daily,none,0.0,0.0,0.0,0.0,0.0,0.0,,,n/a,0.0,,1.1267,64.0,0.6526,16.0,0.0567,False,none
2026-06-17T11:52:50+00:00,GILD,daily,accumulation,63.23,63.23,6.25,100.0,100.0,33.32,,,n/a,33.32,,1.4639,80.0,1.1681,84.0,0.7649,False,none
2026-06-17T11:52:50+00:00,GIS,daily,accumulation,25.48,25.48,0.0,0.0,100.0,27.42,,,n/a,27.42,,0.8502,16.0,0.8766,48.0,0.2208,False,none
2026-06-17T11:52:50+00:00,GL,daily,distribution,42.99,42.99,-91.94,0.0,0.0,-100.0,,,n/a,-100.0,,0.9853,48.0,0.7798,32.0,0.6569,False,none
2026-06-17T11:52:50+00:00,GLW,daily,none,0.0,0.0,0.0,0.0,0.0,0.0,,,n/a,0.0,,1.1213,60.0,0.8652,56.0,0.1038,False,none
2026-06-17T11:52:50+00:00,GM,daily,none,4.05,4.05,-41.93,0.0,100.0,-67.84,,,n/a,-67.84,,1.0,52.0,1.1359,76.0,0.0909,False,none
2026-06-17T11:52:50+00:00,GNRC,daily,none,0.0,0.0,0.0,0.0,0.0,0.0,,,n/a,0.0,,0.9836,48.0,0.5635,20.0,0.0848,False,none
2026-06-17T11:52:50+00:00,GOOG,daily,none,0.0,0.0,0.0,0.0,0.0,0.0,,,n/a,0.0,dropped 1 bar(s) with null OHLC,0.9288,40.0,0.5673,12.0,0.41,False,none
2026-06-17T11:52:50+00:00,GOOGL,daily,none,0.0,0.0,0.0,0.0,0.0,0.0,,,n/a,0.0,,0.8885,28.0,0.8483,56.0,0.6924,False,none
2026-06-17T11:52:50+00:00,GPC,daily,none,0.0,0.0,0.0,0.0,0.0,0.0,,,n/a,0.0,,1.3235,84.0,0.8707,52.0,0.6708,False,none
2026-06-17T11:52:50+00:00,GPN,daily,none,0.37,0.37,0.0,0.0,0.0,-1.84,,,n/a,-1.84,,1.3446,84.0,0.6616,32.0,0.5882,False,none
2026-06-17T11:52:50+00:00,GRMN,daily,accumulation,25.63,25.63,28.8,0.0,100.0,-7.83,,,n/a,-7.83,,1.1918,76.0,1.0492,68.0,0.0961,False,none
2026-06-17T11:52:50+00:00,GS,daily,none,0.0,0.0,0.0,0.0,0.0,0.0,,,n/a,0.0,,0.8645,24.0,0.358,4.0,0.4386,False,none
2026-06-17T11:52:50+00:00,GWW,daily,none,0.0,0.0,0.0,0.0,0.0,0.0,,,n/a,0.0,,1.147,84.0,0.8471,36.0,0.3771,False,none
2026-06-17T11:52:50+00:00,HAL,daily,distribution,14.6,14.6,30.68,0.0,-100.0,-11.34,,,n/a,-11.34,,0.9952,44.0,0.7968,48.0,0.0707,False,none
2026-06-17T11:52:50+00:00,HAS,daily,accumulation,17.92,17.92,47.73,0.0,0.0,29.93,,,n/a,29.93,,0.7725,24.0,0.7195,40.0,0.0856,False,none
2026-06-17T11:52:50+00:00,HBAN,daily,distribution,48.14,48.14,-53.46,0.0,-100.0,-73.89,,,n/a,-73.89,,1.0,52.0,0.5567,12.0,0.2381,False,none
2026-06-17T11:52:50+00:00,HCA,daily,none,0.0,0.0,0.0,0.0,0.0,0.0,,,n/a,0.0,,0.8967,32.0,0.8717,52.0,0.7399,False,none
2026-06-17T11:52:50+00:00,HD,daily,none,5.49,5.49,-34.5,0.0,100.0,-29.41,,,n/a,-29.41,,1.0633,64.0,1.0595,80.0,0.8615,False,none
2026-06-17T11:52:50+00:00,HIG,daily,none,0.76,0.76,0.0,0.0,0.0,3.8,,,n/a,3.8,,0.6603,12.0,0.7097,24.0,0.4712,False,none
2026-06-17T11:52:50+00:00,HII,daily,none,0.0,0.0,0.0,0.0,0.0,0.0,,,n/a,0.0,,0.722,12.0,0.5462,8.0,0.1931,False,none
2026-06-17T11:52:50+00:00,HLT,daily,distribution,35.92,35.92,-77.26,0.0,0.0,-83.0,,,n/a,-83.0,dropped 1 bar(s) with null OHLC,0.861,16.0,0.8664,52.0,0.2917,False,none
2026-06-17T11:52:50+00:00,HON,daily,none,6.18,6.18,-8.0,0.0,0.0,-20.88,,,n/a,-20.88,,0.8888,24.0,0.6834,40.0,0.5673,False,none
2026-06-17T11:52:50+00:00,HOOD,daily,none,0.0,0.0,0.0,0.0,0.0,0.0,,,n/a,0.0,dropped 1 bar(s) with null OHLC,1.3877,80.0,0.5929,40.0,0.1959,False,none
2026-06-17T11:52:50+00:00,HPE,daily,none,0.0,0.0,0.0,0.0,0.0,0.0,,,n/a,0.0,dropped 1 bar(s) with null OHLC,1.1082,64.0,0.4726,40.0,0.6133,False,none
2026-06-17T11:52:50+00:00,HPQ,daily,none,0.0,0.0,0.0,0.0,0.0,0.0,,,n/a,0.0,,0.7728,20.0,0.5554,24.0,0.3733,False,none
2026-06-17T11:52:50+00:00,HRL,daily,distribution,32.92,32.92,-79.99,0.0,0.0,-64.61,,,n/a,-64.61,,0.735,12.0,0.7075,48.0,0.2222,False,none
2026-06-17T11:52:50+00:00,HSIC,daily,distribution,31.22,31.22,-75.51,0.0,0.0,-61.7,,,n/a,-61.7,,0.584,4.0,0.7984,40.0,0.473,False,none
2026-06-17T11:52:50+00:00,HST,daily,none,0.0,0.0,0.0,0.0,0.0,0.0,,,n/a,0.0,,1.3437,92.0,0.7282,24.0,0.7949,False,none
2026-06-17T11:52:50+00:00,HSY,daily,accumulation,41.74,41.74,37.07,0.0,100.0,62.38,,,n/a,62.38,,1.5785,92.0,0.6195,16.0,0.4214,False,none
2026-06-17T11:52:50+00:00,HUBB,daily,accumulation,14.03,14.03,0.0,0.0,100.0,-29.87,,,n/a,-29.87,,1.1097,64.0,1.2883,88.0,0.3311,False,none
2026-06-17T11:52:50+00:00,HUM,daily,none,0.0,0.0,0.0,0.0,0.0,0.0,,,n/a,0.0,,1.0774,60.0,0.9899,68.0,0.0657,False,none
2026-06-17T11:52:50+00:00,HWM,daily,distribution,60.87,60.87,-83.47,0.0,-100.0,-100.0,,,n/a,-100.0,,1.2583,88.0,1.0062,80.0,0.6107,False,none
2026-06-17T11:52:50+00:00,IBKR,daily,none,0.0,0.0,0.0,0.0,0.0,0.0,,,n/a,0.0,,0.8508,24.0,0.6047,20.0,0.5343,False,none
2026-06-17T11:52:50+00:00,IBM,daily,none,0.0,0.0,0.0,0.0,0.0,0.0,,,n/a,0.0,,0.5875,8.0,0.6111,36.0,0.2747,False,none
2026-06-17T11:52:50+00:00,ICE,daily,accumulation,23.16,23.16,50.65,0.0,0.0,52.47,,,n/a,52.47,,1.3432,72.0,1.2637,84.0,0.8414,False,none
2026-06-17T11:52:50+00:00,IDXX,daily,none,0.74,0.74,0.0,0.0,0.0,3.69,,,n/a,3.69,,0.8251,28.0,0.4424,4.0,0.8393,False,none
2026-06-17T11:52:50+00:00,IEX,daily,distribution,40.95,40.95,-83.81,0.0,0.0,-100.0,,,n/a,-100.0,,0.9788,44.0,1.2688,84.0,0.5945,False,none
2026-06-17T11:52:50+00:00,IFF,daily,distribution,16.86,16.86,0.0,0.0,0.0,-84.28,,,n/a,-84.28,,0.7292,16.0,0.5807,20.0,0.2877,False,none
2026-06-17T11:52:50+00:00,INCY,daily,distribution,29.88,29.88,0.0,0.0,-100.0,-49.41,,,n/a,-49.41,,0.9772,44.0,1.1002,76.0,0.0554,False,none
2026-06-17T11:52:50+00:00,INSM,daily,none,0.0,0.0,0.0,0.0,0.0,0.0,,,n/a,0.0,,0.9281,44.0,0.7559,48.0,0.3828,False,none
2026-06-17T11:52:50+00:00,INTC,daily,none,0.0,0.0,0.0,0.0,0.0,0.0,,,n/a,0.0,,0.9836,48.0,1.2971,88.0,0.0827,False,none
2026-06-17T11:52:50+00:00,INTU,daily,none,0.0,0.0,0.0,0.0,0.0,0.0,,,n/a,0.0,,0.7863,28.0,0.4674,12.0,0.5955,False,none
2026-06-17T11:52:50+00:00,INVH,daily,distribution,51.48,51.48,-53.49,0.0,-100.0,-90.52,,,n/a,-90.52,dropped 1 bar(s) with null OHLC,1.5549,96.0,1.4914,92.0,0.1358,False,none
2026-06-17T11:52:50+00:00,IP,daily,none,0.0,0.0,0.0,0.0,0.0,0.0,,,n/a,0.0,,0.9258,32.0,0.9281,56.0,0.187,False,none
2026-06-17T11:52:50+00:00,IQV,daily,distribution,27.16,27.16,0.0,0.0,-100.0,-35.8,,,n/a,-35.8,dropped 1 bar(s) with null OHLC,1.0789,72.0,1.0687,80.0,0.3135,False,none
2026-06-17T11:52:50+00:00,IR,daily,none,0.0,0.0,0.0,0.0,0.0,0.0,,,n/a,0.0,dropped 1 bar(s) with null OHLC,1.4813,100.0,0.9147,52.0,0.4339,False,none
2026-06-17T11:52:50+00:00,IRM,daily,none,0.0,0.0,0.0,0.0,0.0,0.0,,,n/a,0.0,,1.3304,84.0,0.9562,60.0,0.2385,False,none
2026-06-17T11:52:50+00:00,ISRG,daily,accumulation,21.39,21.39,34.6,0.0,0.0,63.71,,,n/a,63.71,,0.8446,16.0,0.772,40.0,0.4344,False,none
2026-06-17T11:52:50+00:00,IT,daily,accumulation,13.69,13.69,87.24,0.0,-100.0,59.38,,,n/a,59.38,,1.0,52.0,0.6573,24.0,0.1598,False,none
2026-06-17T11:52:50+00:00,ITW,daily,accumulation,12.04,12.04,-16.67,0.0,100.0,-18.98,,,n/a,-18.98,,1.2442,72.0,0.7297,20.0,0.7531,False,none
2026-06-17T11:52:50+00:00,IVZ,daily,none,0.0,0.0,0.0,0.0,0.0,0.0,,,n/a,0.0,,0.653,20.0,0.5762,20.0,0.22,False,none
2026-06-17T11:52:50+00:00,J,daily,none,0.0,0.0,0.0,0.0,0.0,0.0,,,n/a,0.0,,0.9221,44.0,0.9329,56.0,0.204,False,none
2026-06-17T11:52:50+00:00,JBHT,daily,none,0.0,0.0,0.0,0.0,0.0,0.0,,,n/a,0.0,,1.2471,72.0,0.8234,48.0,0.4229,False,none
2026-06-17T11:52:50+00:00,JBL,daily,none,0.0,0.0,0.0,0.0,0.0,0.0,,,n/a,0.0,,1.4783,92.0,0.9443,72.0,0.0593,False,none
2026-06-17T11:52:50+00:00,JCI,daily,distribution,44.24,44.24,-48.02,0.0,-100.0,-61.19,,,n/a,-61.19,,0.9892,48.0,0.8608,56.0,0.0103,False,none
2026-06-17T11:52:50+00:00,JKHY,daily,none,0.0,0.0,0.0,0.0,0.0,0.0,,,n/a,0.0,,1.0063,60.0,0.6077,12.0,0.2313,False,none
2026-06-17T11:52:50+00:00,JNJ,daily,none,0.49,0.49,0.0,0.0,0.0,-2.47,,,n/a,-2.47,,1.0335,60.0,1.1626,76.0,0.7776,False,none
2026-06-17T11:52:50+00:00,JPM,daily,distribution,40.25,40.25,-96.41,0.0,0.0,-80.74,,,n/a,-80.74,,1.3744,88.0,1.1798,84.0,0.9211,False,none
2026-06-17T11:52:50+00:00,KDP,daily,none,0.0,0.0,0.0,0.0,0.0,0.0,,,n/a,0.0,,1.2131,72.0,0.8083,32.0,0.4464,False,none
2026-06-17T11:52:50+00:00,KEY,daily,distribution,39.05,39.05,-82.73,0.0,0.0,-91.84,,,n/a,-91.84,,0.8437,36.0,0.661,32.0,0.8,False,none
2026-06-17T11:52:50+00:00,KEYS,daily,none,0.0,0.0,0.0,0.0,0.0,0.0,,,n/a,0.0,dropped 1 bar(s) with null OHLC,0.6247,4.0,0.646,12.0,0.5614,False,none
2026-06-17T11:52:50+00:00,KHC,daily,distribution,28.76,28.76,-66.06,0.0,0.0,-61.23,,,n/a,-61.23,dropped 1 bar(s) with null OHLC,0.7792,16.0,0.6659,24.0,0.0617,False,none
2026-06-17T11:52:50+00:00,KIM,daily,distribution,55.95,55.95,-29.45,-100.0,0.0,-67.92,,,n/a,-67.92,,1.9507,96.0,1.3564,88.0,0.2742,False,none
2026-06-17T11:52:50+00:00,KKR,daily,distribution,10.18,10.18,0.0,0.0,0.0,-50.91,,,n/a,-50.91,,0.7452,8.0,0.6091,16.0,0.5192,False,none
2026-06-17T11:52:50+00:00,KLAC,daily,none,0.0,0.0,0.0,0.0,0.0,0.0,,,n/a,0.0,,1.3759,80.0,1.4511,88.0,0.0112,False,none
2026-06-17T11:52:50+00:00,KMB,daily,distribution,29.02,29.02,-85.48,0.0,0.0,-38.25,,,n/a,-38.25,,0.7064,8.0,0.6207,24.0,0.5479,False,none
2026-06-17T11:52:50+00:00,KMI,daily,none,8.84,8.84,31.11,0.0,-100.0,16.89,,,n/a,16.89,,1.1763,76.0,0.8206,36.0,0.5357,False,none
2026-06-17T11:52:50+00:00,KO,daily,distribution,28.46,28.46,-1.47,0.0,-100.0,-40.46,,,n/a,-40.46,,1.1735,72.0,1.0222,76.0,0.2839,False,none
2026-06-17T11:52:50+00:00,KR,daily,accumulation,18.82,18.82,27.55,0.0,0.0,59.65,,,n/a,59.65,,0.975,48.0,0.8755,52.0,0.7727,False,none
2026-06-17T11:52:50+00:00,L,daily,accumulation,17.05,17.05,0.0,0.0,100.0,-14.74,,,n/a,-14.74,,1.1938,72.0,0.7188,28.0,0.562,False,none
2026-06-17T11:52:50+00:00,LDOS,daily,none,0.0,0.0,0.0,0.0,0.0,0.0,,,n/a,0.0,,1.4965,88.0,0.6444,8.0,0.0267,False,none
2026-06-17T11:52:50+00:00,LEN,daily,accumulation,20.32,20.32,0.0,0.0,100.0,1.62,,,n/a,1.62,,1.0612,64.0,0.7836,44.0,0.4696,False,none
2026-06-17T11:52:50+00:00,LH,daily,none,0.95,0.95,0.0,0.0,0.0,-4.73,,,n/a,-4.73,,0.9576,36.0,0.7791,24.0,0.3229,False,none
2026-06-17T11:52:50+00:00,LHX,daily,accumulation,19.81,19.81,32.59,0.0,0.0,58.3,,,n/a,58.3,,1.4007,84.0,1.1815,88.0,0.9225,False,none
2026-06-17T11:52:50+00:00,LII,daily,distribution,23.47,23.47,-40.85,0.0,0.0,-66.26,,,n/a,-66.26,,0.6074,12.0,0.6308,16.0,0.4617,False,none
2026-06-17T11:52:50+00:00,LIN,daily,distribution,40.67,40.67,-56.73,0.0,-100.0,-32.43,,,n/a,-32.43,,1.1023,68.0,1.0005,64.0,0.4568,False,none
2026-06-17T11:52:50+00:00,LITE,daily,none,0.0,0.0,0.0,0.0,0.0,0.0,,,n/a,0.0,dropped 1 bar(s) with null OHLC,0.9018,44.0,0.8348,56.0,0.4465,False,none
2026-06-17T11:52:50+00:00,LLY,daily,none,0.0,0.0,0.0,0.0,0.0,0.0,,,n/a,0.0,,0.7579,12.0,0.8828,48.0,0.2244,False,none
2026-06-17T11:52:50+00:00,LMT,daily,accumulation,17.47,17.47,13.79,0.0,0.0,70.1,,,n/a,70.1,,0.8069,12.0,1.0522,80.0,0.7781,False,none
2026-06-17T11:52:50+00:00,LNT,daily,distribution,14.03,14.03,-23.05,0.0,0.0,-41.35,,,n/a,-41.35,,0.9981,48.0,0.8047,32.0,0.3208,False,none
2026-06-17T11:52:50+00:00,LOW,daily,accumulation,19.79,19.79,0.0,0.0,100.0,-1.04,,,n/a,-1.04,,0.7067,12.0,0.6725,16.0,0.6308,False,none
2026-06-17T11:52:50+00:00,LRCX,daily,none,0.0,0.0,0.0,0.0,0.0,0.0,,,n/a,0.0,,1.3141,80.0,1.1931,88.0,0.0235,False,none
2026-06-17T11:52:50+00:00,LULU,daily,none,0.0,0.0,0.0,0.0,0.0,0.0,,,n/a,0.0,,0.7872,12.0,0.67,28.0,0.0597,False,none
2026-06-17T11:52:50+00:00,LUV,daily,none,0.0,0.0,0.0,0.0,0.0,0.0,,,n/a,0.0,,1.804,100.0,1.1112,76.0,0.4262,False,none
2026-06-17T11:52:50+00:00,LVS,daily,accumulation,26.63,26.63,78.53,0.0,0.0,35.0,,,n/a,35.0,,1.1785,80.0,0.9045,60.0,0.0625,False,none
2026-06-17T11:52:50+00:00,LYB,daily,none,0.0,0.0,0.0,0.0,0.0,0.0,,,n/a,0.0,,0.9709,48.0,0.7868,48.0,0.4565,False,none
2026-06-17T11:52:50+00:00,LYV,daily,distribution,37.47,37.47,-82.01,0.0,0.0,-84.82,,,n/a,-84.82,,0.7799,28.0,0.6853,20.0,0.4146,False,none
2026-06-17T11:52:50+00:00,MA,daily,accumulation,18.82,18.82,0.0,0.0,100.0,-5.92,,,n/a,-5.92,,1.1078,72.0,1.1417,76.0,0.9858,False,none
2026-06-17T11:52:50+00:00,MAA,daily,distribution,23.5,23.5,-40.38,0.0,0.0,-67.01,,,n/a,-67.01,,1.1844,72.0,1.2018,80.0,0.3636,False,none
2026-06-17T11:52:50+00:00,MAR,daily,none,0.0,0.0,0.0,0.0,0.0,0.0,,,n/a,0.0,,1.3338,88.0,1.4354,88.0,0.9013,False,none
2026-06-17T11:52:50+00:00,MAS,daily,none,0.0,0.0,0.0,0.0,0.0,0.0,,,n/a,0.0,,0.878,32.0,0.6572,24.0,0.2643,False,none
2026-06-17T11:52:50+00:00,MCD,daily,none,6.14,6.14,0.0,0.0,0.0,30.71,,,n/a,30.71,,0.9411,32.0,0.8799,48.0,0.6762,False,none
2026-06-17T11:52:50+00:00,MCHP,daily,none,0.0,0.0,0.0,0.0,0.0,0.0,,,n/a,0.0,,1.0279,64.0,1.2898,92.0,0.0094,False,none
2026-06-17T11:52:50+00:00,MCK,daily,accumulation,11.24,11.24,0.0,0.0,0.0,56.18,,,n/a,56.18,,0.6926,12.0,0.9399,60.0,0.8685,False,none
2026-06-17T11:52:50+00:00,MCO,daily,distribution,16.57,16.57,-34.65,0.0,0.0,-39.54,,,n/a,-39.54,,1.2961,92.0,1.0026,72.0,0.7545,False,none
2026-06-17T11:52:50+00:00,MDLZ,daily,distribution,37.82,37.82,-25.18,0.0,-100.0,-57.62,,,n/a,-57.62,,1.2964,92.0,1.0515,68.0,0.9552,False,none
2026-06-17T11:52:50+00:00,MDT,daily,accumulation,24.85,24.85,0.0,0.0,100.0,24.23,,,n/a,24.23,,0.8248,32.0,0.5806,12.0,0.699,False,none
2026-06-17T11:52:50+00:00,MELI,daily,none,2.34,2.34,0.0,0.0,0.0,-11.71,,,n/a,-11.71,,0.8327,24.0,0.9877,60.0,0.3615,False,none
2026-06-17T11:52:50+00:00,MET,daily,none,0.0,0.0,0.0,0.0,0.0,0.0,,,n/a,0.0,,1.2408,88.0,1.1821,80.0,0.3271,False,none
2026-06-17T11:52:50+00:00,META,daily,none,0.0,0.0,0.0,0.0,0.0,0.0,,,n/a,0.0,dropped 1 bar(s) with null OHLC,1.0525,68.0,1.2315,80.0,0.6454,False,none
2026-06-17T11:52:50+00:00,MGM,daily,none,0.0,0.0,0.0,0.0,0.0,0.0,,,n/a,0.0,,0.7078,24.0,1.0201,76.0,0.16,False,none
2026-06-17T11:52:50+00:00,MKC,daily,accumulation,16.47,16.47,23.65,0.0,0.0,52.78,,,n/a,52.78,,0.9952,48.0,1.1141,80.0,0.2,False,none
2026-06-17T11:52:50+00:00,MLM,daily,distribution,10.1,10.1,-9.21,0.0,0.0,-39.01,,,n/a,-39.01,,1.4339,92.0,0.796,40.0,0.7446,False,none
2026-06-17T11:52:50+00:00,MMM,daily,distribution,69.94,69.94,-79.52,-100.0,0.0,-75.3,,,n/a,-75.3,,1.0,52.0,1.1577,84.0,0.6786,False,none
2026-06-17T11:52:50+00:00,MNST,daily,none,0.0,0.0,0.0,0.0,0.0,0.0,,,n/a,0.0,,0.9781,32.0,0.8279,28.0,0.3217,False,none
2026-06-17T11:52:50+00:00,MO,daily,distribution,15.83,15.83,-13.93,0.0,0.0,-61.76,,,n/a,-61.76,,0.6703,8.0,0.9644,60.0,0.5208,False,none
2026-06-17T11:52:50+00:00,MOS,daily,none,0.0,0.0,0.0,0.0,0.0,0.0,,,n/a,0.0,,0.9472,40.0,1.1081,76.0,0.1217,False,none
2026-06-17T11:52:50+00:00,MPC,daily,none,0.0,0.0,0.0,0.0,0.0,0.0,,,n/a,0.0,,1.216,80.0,0.5633,20.0,0.741,False,none
2026-06-17T11:52:50+00:00,MPWR,daily,none,0.0,0.0,0.0,0.0,0.0,0.0,,,n/a,0.0,,1.4199,92.0,1.6353,96.0,0.0141,False,none
2026-06-17T11:52:50+00:00,MRK,daily,none,1.59,1.59,0.0,0.0,0.0,-7.96,,,n/a,-7.96,,1.1029,68.0,0.7517,32.0,0.6867,False,none
2026-06-17T11:52:50+00:00,MRNA,daily,none,0.0,0.0,0.0,0.0,0.0,0.0,,,n/a,0.0,dropped 1 bar(s) with null OHLC,1.1146,72.0,0.8114,44.0,0.9582,False,none
2026-06-17T11:52:50+00:00,MRSH,daily,accumulation,25.01,25.01,0.0,0.0,100.0,25.05,,,n/a,25.05,,0.9153,24.0,0.4437,4.0,0.5951,False,none
2026-06-17T11:52:50+00:00,MRVL,daily,none,0.0,0.0,0.0,0.0,0.0,0.0,,,n/a,0.0,,1.3848,76.0,1.4591,88.0,0.0139,False,none
2026-06-17T11:52:50+00:00,MS,daily,none,0.0,0.0,0.0,0.0,0.0,0.0,,,n/a,0.0,,0.8749,32.0,0.6905,16.0,0.6038,False,none
2026-06-17T11:52:50+00:00,MSCI,daily,distribution,13.58,13.58,-12.55,0.0,0.0,-52.23,,,n/a,-52.23,,0.8791,36.0,0.9388,52.0,0.3092,False,none
2026-06-17T11:52:50+00:00,MSFT,daily,none,0.0,0.0,0.0,0.0,0.0,0.0,,,n/a,0.0,,0.9655,36.0,0.5047,8.0,0.5106,False,none
2026-06-17T11:52:50+00:00,MSI,daily,accumulation,13.23,13.23,10.98,0.0,0.0,52.42,,,n/a,52.42,,0.9414,40.0,1.4404,96.0,0.2043,False,none
2026-06-17T11:52:50+00:00,MSTR,daily,none,0.0,0.0,0.0,0.0,0.0,0.0,,,n/a,0.0,,1.0097,56.0,0.8588,64.0,0.0337,False,none
2026-06-17T11:52:50+00:00,MTB,daily,distribution,30.79,30.79,-58.95,0.0,0.0,-80.23,,,n/a,-80.23,,1.0,52.0,0.6684,40.0,0.5825,False,none
2026-06-17T11:52:50+00:00,MTD,daily,none,0.0,0.0,0.0,0.0,0.0,0.0,,,n/a,0.0,,0.7344,24.0,0.5001,4.0,0.1538,False,none
2026-06-17T11:52:50+00:00,MU,daily,none,0.0,0.0,0.0,0.0,0.0,0.0,,,n/a,0.0,,0.8357,28.0,1.1683,80.0,0.0084,False,none
2026-06-17T11:52:50+00:00,NCLH,daily,none,0.0,0.0,0.0,0.0,0.0,0.0,,,n/a,0.0,dropped 1 bar(s) with null OHLC,1.1157,72.0,0.6223,32.0,0.2105,False,none
2026-06-17T11:52:50+00:00,NDAQ,daily,distribution,23.79,23.79,0.0,0.0,-100.0,-18.94,,,n/a,-18.94,,1.5311,88.0,2.3618,100.0,0.3581,False,none
2026-06-17T11:52:50+00:00,NDSN,daily,distribution,64.17,64.17,-70.76,-100.0,0.0,-57.42,,,n/a,-57.42,,0.6733,4.0,0.6495,28.0,0.0501,False,none
2026-06-17T11:52:50+00:00,NEE,daily,accumulation,31.52,31.52,34.29,0.0,100.0,14.74,,,n/a,14.74,,0.9055,40.0,0.7578,44.0,0.2368,False,none
2026-06-17T11:52:50+00:00,NEM,daily,none,0.0,0.0,0.0,0.0,0.0,0.0,,,n/a,0.0,,1.0489,68.0,0.545,12.0,0.6443,False,none
2026-06-17T11:52:50+00:00,NFLX,daily,none,0.0,0.0,0.0,0.0,0.0,0.0,,,n/a,0.0,,1.8666,100.0,1.903,100.0,0.2393,False,none
2026-06-17T11:52:50+00:00,NI,daily,none,8.61,8.61,-7.79,0.0,0.0,-33.31,,,n/a,-33.31,,0.7325,4.0,0.7832,28.0,0.4375,False,none
2026-06-17T11:52:50+00:00,NKE,daily,none,0.0,0.0,0.0,0.0,0.0,0.0,,,n/a,0.0,,1.0223,56.0,0.8198,44.0,0.0364,False,none
2026-06-17T11:52:50+00:00,NOC,daily,none,0.0,0.0,0.0,0.0,0.0,0.0,,,n/a,0.0,,0.8264,32.0,0.8343,48.0,0.6964,False,none
2026-06-17T11:52:50+00:00,NOW,daily,none,0.0,0.0,0.0,0.0,0.0,0.0,,,n/a,0.0,dropped 1 bar(s) with null OHLC,0.8127,24.0,0.5214,20.0,0.2089,False,none
2026-06-17T11:52:50+00:00,NRG,daily,none,0.0,0.0,0.0,0.0,0.0,0.0,,,n/a,0.0,,0.7412,16.0,0.9129,72.0,0.3161,False,none
2026-06-17T11:52:50+00:00,NSC,daily,distribution,31.81,31.81,-3.02,0.0,-100.0,-55.26,,,n/a,-55.26,,1.2732,72.0,0.7552,44.0,0.4495,False,none
2026-06-17T11:52:50+00:00,NTAP,daily,none,0.0,0.0,0.0,0.0,0.0,0.0,,,n/a,0.0,,0.8309,32.0,0.7744,68.0,0.5848,False,none
2026-06-17T11:52:50+00:00,NTRS,daily,none,0.0,0.0,0.0,0.0,0.0,0.0,,,n/a,0.0,,0.806,16.0,0.9332,56.0,0.6231,False,none
2026-06-17T11:52:50+00:00,NUE,daily,none,0.0,0.0,0.0,0.0,0.0,0.0,,,n/a,0.0,,1.0879,72.0,0.7628,52.0,0.031,False,none
2026-06-17T11:52:50+00:00,NVDA,daily,none,0.0,0.0,0.0,0.0,0.0,0.0,,,n/a,0.0,,0.7478,8.0,0.5077,8.0,0.0286,False,none
2026-06-17T11:52:50+00:00,NVR,daily,none,0.0,0.0,0.0,0.0,0.0,0.0,,,n/a,0.0,,0.8351,36.0,0.6296,8.0,0.5234,False,none
2026-06-17T11:52:50+00:00,NWS,daily,none,7.38,7.38,0.0,0.0,0.0,-36.89,,,n/a,-36.89,dropped 1 bar(s) with null OHLC,1.883,96.0,0.71,28.0,0.8246,False,none
2026-06-17T11:52:50+00:00,NWSA,daily,none,7.4,7.4,0.0,0.0,0.0,-36.98,,,n/a,-36.98,dropped 1 bar(s) with null OHLC,1.9051,100.0,0.7592,36.0,0.7636,False,none
2026-06-17T11:52:50+00:00,NXPI,daily,none,0.0,0.0,0.0,0.0,0.0,0.0,,,n/a,0.0,,1.2669,76.0,1.1114,88.0,0.0085,False,none
2026-06-17T11:52:50+00:00,O,daily,none,3.35,3.35,0.0,0.0,0.0,-16.75,,,n/a,-16.75,,0.8021,20.0,0.8128,40.0,0.519,False,none
2026-06-17T11:52:50+00:00,ODFL,daily,none,0.0,0.0,0.0,0.0,0.0,0.0,,,n/a,0.0,,1.0082,56.0,0.9012,56.0,0.1437,False,none
2026-06-17T11:52:50+00:00,OKE,daily,distribution,17.91,17.91,0.0,0.0,-100.0,10.46,,,n/a,10.46,,1.0674,76.0,0.7549,36.0,0.4316,False,none
2026-06-17T11:52:50+00:00,OMC,daily,none,4.82,4.82,-44.0,0.0,100.0,-20.9,,,n/a,-20.9,,1.0761,68.0,0.5078,12.0,0.9825,False,none
2026-06-17T11:52:50+00:00,ON,daily,none,0.0,0.0,0.0,0.0,0.0,0.0,,,n/a,0.0,,0.9427,40.0,1.1784,96.0,0.0204,False,none
2026-06-17T11:52:50+00:00,ORCL,daily,none,0.0,0.0,0.0,0.0,0.0,0.0,,,n/a,0.0,,0.8352,36.0,0.5962,36.0,0.0875,False,none
2026-06-17T11:52:50+00:00,ORLY,daily,accumulation,16.13,16.13,0.0,0.0,100.0,-19.36,,,n/a,-19.36,,0.6747,4.0,0.6419,16.0,0.6081,False,none
2026-06-17T11:52:50+00:00,OTIS,daily,accumulation,39.49,39.49,38.14,0.0,100.0,49.76,,,n/a,49.76,dropped 1 bar(s) with null OHLC,1.2393,88.0,0.7339,20.0,0.25,False,none
2026-06-17T11:52:50+00:00,OXY,daily,none,0.0,0.0,0.0,0.0,0.0,0.0,,,n/a,0.0,,0.9158,40.0,0.4066,4.0,0.3506,False,none
2026-06-17T11:52:50+00:00,PANW,daily,none,0.0,0.0,0.0,0.0,0.0,0.0,,,n/a,0.0,dropped 1 bar(s) with null OHLC,0.85,32.0,0.7887,36.0,0.9462,False,none
2026-06-17T11:52:50+00:00,PAYX,daily,distribution,22.66,22.66,-51.67,0.0,0.0,-48.73,,,n/a,-48.73,,1.1593,76.0,1.1294,88.0,0.3217,False,none
2026-06-17T11:52:50+00:00,PCAR,daily,accumulation,10.87,10.87,0.0,0.0,100.0,-45.64,,,n/a,-45.64,,0.9508,36.0,0.5366,16.0,0.0435,False,none
2026-06-17T11:52:50+00:00,PCG,daily,none,3.07,3.07,0.0,0.0,0.0,15.36,,,n/a,15.36,,0.8188,12.0,0.8415,56.0,0.3947,False,none
2026-06-17T11:52:50+00:00,PDD,daily,none,0.0,0.0,0.0,0.0,0.0,0.0,,,n/a,0.0,dropped 1 bar(s) with null OHLC,0.9972,48.0,0.8905,72.0,0.7063,False,none
2026-06-17T11:52:50+00:00,PEG,daily,none,2.7,2.7,0.0,0.0,0.0,-13.49,,,n/a,-13.49,,0.7788,4.0,0.9039,52.0,0.4265,False,none
2026-06-17T11:52:50+00:00,PEP,daily,accumulation,21.59,21.59,0.0,0.0,100.0,7.94,,,n/a,7.94,,1.1567,80.0,0.8726,44.0,0.4176,False,none
2026-06-17T11:52:50+00:00,PFE,daily,none,6.04,6.04,16.73,0.0,0.0,9.27,,,n/a,9.27,,0.9621,48.0,0.9405,64.0,0.7907,False,none
2026-06-17T11:52:50+00:00,PFG,daily,none,0.0,0.0,0.0,0.0,0.0,0.0,,,n/a,0.0,,0.9423,44.0,0.7042,24.0,0.3835,False,none
2026-06-17T11:52:50+00:00,PG,daily,none,8.65,8.65,-88.66,0.0,100.0,-32.43,,,n/a,-32.43,,1.0194,60.0,0.8254,48.0,0.7854,False,none
2026-06-17T11:52:50+00:00,PGR,daily,accumulation,10.55,10.55,-40.21,0.0,100.0,3.0,,,n/a,3.0,,0.7834,16.0,0.7523,24.0,0.5194,False,none
2026-06-17T11:52:50+00:00,PH,daily,accumulation,14.83,14.83,0.0,0.0,100.0,-25.84,,,n/a,-25.84,,0.8246,24.0,1.1073,76.0,0.6765,False,none
2026-06-17T11:52:50+00:00,PHM,daily,accumulation,10.8,10.8,-0.24,0.0,100.0,-45.72,,,n/a,-45.72,,0.8323,20.0,0.828,52.0,0.4421,False,none
2026-06-17T11:52:50+00:00,PKG,daily,distribution,50.71,50.71,-66.94,0.0,-100.0,-69.89,,,n/a,-69.89,,0.673,16.0,0.5125,8.0,0.109,False,none
2026-06-17T11:52:50+00:00,PLD,daily,distribution,29.68,29.68,-58.82,0.0,0.0,-74.88,,,n/a,-74.88,,1.0495,64.0,1.1553,72.0,0.2548,False,none
2026-06-17T11:52:50+00:00,PLTR,daily,none,0.0,0.0,0.0,0.0,0.0,0.0,,,n/a,0.0,dropped 1 bar(s) with null OHLC,1.1267,80.0,0.8252,60.0,0.9489,False,none
2026-06-17T11:52:50+00:00,PM,daily,distribution,41.4,41.4,-34.23,0.0,-100.0,-64.22,,,n/a,-64.22,,1.315,88.0,0.9669,60.0,0.5592,False,none
2026-06-17T11:52:50+00:00,PNC,daily,distribution,67.64,67.64,-61.58,-100.0,0.0,-86.22,,,n/a,-86.22,,1.7645,96.0,0.7522,44.0,0.6997,False,none
2026-06-17T11:52:50+00:00,PNR,daily,none,0.0,0.0,0.0,0.0,0.0,0.0,,,n/a,0.0,,0.9087,40.0,0.6059,16.0,0.6034,False,none
2026-06-17T11:52:50+00:00,PNW,daily,distribution,42.56,42.56,-59.4,0.0,-100.0,-38.56,,,n/a,-38.56,,0.8805,36.0,1.0823,64.0,0.4198,False,none
2026-06-17T11:52:50+00:00,PODD,daily,none,0.0,0.0,0.0,0.0,0.0,0.0,,,n/a,0.0,,0.6681,4.0,0.6726,36.0,0.2982,False,none
2026-06-17T11:52:50+00:00,POOL,daily,none,0.0,0.0,0.0,0.0,0.0,0.0,,,n/a,0.0,,0.9822,48.0,1.5176,96.0,0.819,False,none
2026-06-17T11:52:50+00:00,PPG,daily,distribution,34.38,34.38,-57.51,0.0,0.0,-100.0,,,n/a,-100.0,,0.6539,8.0,0.831,56.0,0.0251,False,none
2026-06-17T11:52:50+00:00,PPL,daily,accumulation,19.67,19.67,0.0,0.0,100.0,-1.67,,,n/a,-1.67,,1.2547,88.0,1.0134,60.0,0.4,False,none
2026-06-17T11:52:50+00:00,PRU,daily,distribution,37.21,37.21,-73.08,0.0,0.0,-94.69,,,n/a,-94.69,,1.2596,96.0,1.0174,68.0,0.152,False,none
2026-06-17T11:52:50+00:00,PSA,daily,distribution,70.48,70.48,-61.92,-100.0,0.0,-100.0,,,n/a,-100.0,,0.9978,48.0,0.9205,60.0,0.1591,True,new
2026-06-17T11:52:50+00:00,PSKY,daily,none,0.0,0.0,0.0,0.0,0.0,0.0,,,n/a,0.0,,1.0508,56.0,1.3516,84.0,0.1695,False,none
2026-06-17T11:52:50+00:00,PSX,daily,none,2.14,2.14,0.0,0.0,0.0,10.72,,,n/a,10.72,dropped 1 bar(s) with null OHLC,1.3858,88.0,0.6077,24.0,0.6437,False,none
2026-06-17T11:52:50+00:00,PWR,daily,none,0.0,0.0,0.0,0.0,0.0,0.0,,,n/a,0.0,,0.8166,20.0,0.6622,16.0,0.0214,False,none
2026-06-17T11:52:50+00:00,PYPL,daily,none,0.0,0.0,0.0,0.0,0.0,0.0,,,n/a,0.0,dropped 1 bar(s) with null OHLC,1.5284,92.0,1.0998,76.0,0.3145,False,none
2026-06-17T11:52:50+00:00,Q,daily,none,0.0,0.0,0.0,0.0,0.0,0.0,,,n/a,0.0,,0.8134,12.0,0.9995,72.0,0.0084,False,none
2026-06-17T11:52:50+00:00,QCOM,daily,none,0.0,0.0,0.0,0.0,0.0,0.0,,,n/a,0.0,,0.9265,40.0,0.9622,64.0,0.0155,False,none
2026-06-17T11:52:50+00:00,RCL,daily,none,0.0,0.0,0.0,0.0,0.0,0.0,,,n/a,0.0,,0.7012,12.0,0.578,16.0,0.1139,False,none
2026-06-17T11:52:50+00:00,REG,daily,distribution,30.65,30.65,-17.09,0.0,-100.0,-31.89,,,n/a,-31.89,,0.9996,48.0,1.0218,64.0,0.2605,False,none
2026-06-17T11:52:50+00:00,REGN,daily,none,0.0,0.0,0.0,0.0,0.0,0.0,,,n/a,0.0,,1.0127,56.0,0.4932,12.0,0.6944,False,none
2026-06-17T11:52:50+00:00,RF,daily,distribution,31.24,31.24,-63.18,0.0,0.0,-77.23,,,n/a,-77.23,,1.1037,72.0,0.7431,40.0,0.8125,False,none
2026-06-17T11:52:50+00:00,RJF,daily,distribution,26.07,26.07,-62.29,0.0,0.0,-52.47,,,n/a,-52.47,,1.0333,56.0,0.7367,36.0,0.9412,False,none
2026-06-17T11:52:50+00:00,RL,daily,none,0.0,0.0,0.0,0.0,0.0,0.0,,,n/a,0.0,,0.7032,20.0,0.7927,56.0,0.0766,False,none
2026-06-17T11:52:50+00:00,RMD,daily,none,0.0,0.0,0.0,0.0,0.0,0.0,,,n/a,0.0,,0.7977,36.0,0.6237,16.0,0.6239,False,none
2026-06-17T11:52:50+00:00,ROK,daily,none,0.0,0.0,0.0,0.0,0.0,0.0,,,n/a,0.0,,0.9553,48.0,0.7386,40.0,0.0345,False,none
2026-06-17T11:52:50+00:00,ROL,daily,none,0.0,0.0,0.0,0.0,0.0,0.0,,,n/a,0.0,,1.0873,56.0,0.5669,28.0,0.0548,False,none
2026-06-17T11:52:50+00:00,ROP,daily,none,4.38,4.38,0.0,0.0,0.0,21.9,,,n/a,21.9,,0.8601,36.0,0.6671,24.0,0.7675,False,none
2026-06-17T11:52:50+00:00,ROST,daily,distribution,18.61,18.61,-29.45,0.0,0.0,-56.25,,,n/a,-56.25,,0.6874,8.0,0.6404,28.0,0.0683,False,none
2026-06-17T11:52:50+00:00,RSG,daily,none,4.41,4.41,0.0,0.0,0.0,22.06,,,n/a,22.06,,1.0087,56.0,0.5978,20.0,0.4549,False,none
2026-06-17T11:52:50+00:00,RTX,daily,none,5.36,5.36,0.0,0.0,0.0,26.78,,,n/a,26.78,,0.9068,28.0,1.0842,80.0,0.9826,False,none
2026-06-17T11:52:50+00:00,RVTY,daily,none,0.0,0.0,0.0,0.0,0.0,0.0,,,n/a,0.0,,1.1126,68.0,0.4983,12.0,0.3889,False,none
2026-06-17T11:52:50+00:00,SBAC,daily,none,0.0,0.0,0.0,0.0,0.0,0.0,,,n/a,0.0,,0.8655,36.0,0.653,24.0,0.2657,False,none
2026-06-17T11:52:50+00:00,SBUX,daily,distribution,14.02,14.02,-14.04,0.0,0.0,-52.54,,,n/a,-52.54,,0.8113,32.0,0.7938,24.0,0.581,False,none
2026-06-17T11:52:50+00:00,SCHW,daily,accumulation,20.69,20.69,0.0,0.0,100.0,3.45,,,n/a,3.45,,1.0846,72.0,1.0021,56.0,0.9867,False,none
2026-06-17T11:52:50+00:00,SHOP,daily,none,0.0,0.0,0.0,0.0,0.0,0.0,,,n/a,0.0,dropped 1 bar(s) with null OHLC,0.7757,4.0,0.8937,56.0,0.4477,False,none
2026-06-17T11:52:50+00:00,SHW,daily,accumulation,13.49,13.49,0.0,0.0,100.0,-32.53,,,n/a,-32.53,,1.0086,56.0,0.7893,40.0,0.4349,False,none
2026-06-17T11:52:50+00:00,SJM,daily,none,0.0,0.0,0.0,0.0,0.0,0.0,,,n/a,0.0,,0.5582,4.0,0.5693,20.0,0.4686,False,none
2026-06-17T11:52:50+00:00,SLB,daily,distribution,34.41,34.41,0.0,0.0,-100.0,-72.04,,,n/a,-72.04,,1.2802,88.0,0.81,40.0,0.0511,False,none
2026-06-17T11:52:50+00:00,SMCI,daily,none,0.0,0.0,0.0,0.0,0.0,0.0,,,n/a,0.0,,1.2541,72.0,0.4655,20.0,0.0613,False,none
2026-06-17T11:52:50+00:00,SNA,daily,distribution,20.14,20.14,-41.18,0.0,0.0,-49.24,,,n/a,-49.24,,1.0902,72.0,0.7741,28.0,0.3491,False,none
2026-06-17T11:52:50+00:00,SNDK,daily,none,0.0,0.0,0.0,0.0,0.0,0.0,,,n/a,0.0,,0.8503,24.0,1.3068,92.0,0.0608,False,none
2026-06-17T11:52:50+00:00,SNPS,daily,none,0.0,0.0,0.0,0.0,0.0,0.0,,,n/a,0.0,,0.9426,44.0,0.5521,20.0,0.3333,False,none
2026-06-17T11:52:50+00:00,SO,daily,accumulation,18.18,18.18,0.0,0.0,100.0,-9.11,,,n/a,-9.11,,0.993,48.0,0.9535,52.0,0.3797,False,none
2026-06-17T11:52:50+00:00,SOLV,daily,none,0.0,0.0,0.0,0.0,0.0,0.0,,,n/a,0.0,,0.8064,20.0,0.9273,60.0,0.4356,False,none
2026-06-17T11:52:50+00:00,SPG,daily,distribution,34.05,34.05,-64.51,0.0,0.0,-89.61,,,n/a,-89.61,,1.7868,96.0,0.8577,52.0,0.3363,False,none
2026-06-17T11:52:50+00:00,SPGI,daily,none,2.32,2.32,0.0,0.0,0.0,-11.58,,,n/a,-11.58,,0.936,36.0,0.7273,32.0,0.6268,False,none
2026-06-17T11:52:50+00:00,SRE,daily,accumulation,19.95,19.95,0.0,0.0,100.0,-0.27,,,n/a,-0.27,,1.5476,92.0,0.7353,28.0,0.1037,False,none
2026-06-17T11:52:50+00:00,STE,daily,none,5.87,5.87,0.0,0.0,0.0,29.33,,,n/a,29.33,,1.0033,64.0,0.5088,8.0,0.1612,False,none
2026-06-17T11:52:50+00:00,STLD,daily,none,0.0,0.0,0.0,0.0,0.0,0.0,,,n/a,0.0,,1.1591,80.0,0.7567,48.0,0.3087,False,none
2026-06-17T11:52:50+00:00,STT,daily,none,0.0,0.0,0.0,0.0,0.0,0.0,,,n/a,0.0,,1.1785,68.0,1.1033,80.0,0.6658,False,none
2026-06-17T11:52:50+00:00,STX,daily,none,0.0,0.0,0.0,0.0,0.0,0.0,,,n/a,0.0,,1.8174,100.0,1.4862,92.0,0.226,False,none
2026-06-17T11:52:50+00:00,STZ,daily,accumulation,26.98,26.98,15.75,0.0,100.0,15.2,,,n/a,15.2,,0.9545,44.0,0.987,64.0,0.0144,False,none
2026-06-17T11:52:50+00:00,SW,daily,distribution,13.5,13.5,-53.99,0.0,100.0,-100.0,,,n/a,-100.0,,0.8286,28.0,0.694,40.0,0.214,False,none
2026-06-17T11:52:50+00:00,SWK,daily,none,0.0,0.0,0.0,0.0,0.0,0.0,,,n/a,0.0,,0.9929,48.0,0.8133,48.0,0.0516,False,none
2026-06-17T11:52:50+00:00,SWKS,daily,none,0.0,0.0,0.0,0.0,0.0,0.0,,,n/a,0.0,,1.0,52.0,1.0333,60.0,0.047,False,none
2026-06-17T11:52:50+00:00,SYF,daily,distribution,14.35,14.35,0.0,0.0,0.0,-71.77,,,n/a,-71.77,dropped 1 bar(s) with null OHLC,0.9365,24.0,0.8758,64.0,0.1141,False,none
2026-06-17T11:52:50+00:00,SYK,daily,none,7.22,7.22,0.0,0.0,0.0,36.12,,,n/a,36.12,,0.607,12.0,0.6636,24.0,0.8386,False,none
2026-06-17T11:52:50+00:00,SYY,daily,none,5.57,5.57,-28.62,0.0,0.0,7.94,,,n/a,7.94,,0.9005,28.0,1.0598,76.0,0.2941,False,none
2026-06-17T11:52:50+00:00,T,daily,none,0.0,0.0,0.0,0.0,0.0,0.0,,,n/a,0.0,,1.2084,72.0,0.9857,76.0,0.5517,False,none
2026-06-17T11:52:50+00:00,TAP,daily,none,0.76,0.76,0.0,0.0,0.0,3.79,,,n/a,3.79,,0.7762,8.0,0.8117,40.0,0.3068,False,none
2026-06-17T11:52:50+00:00,TDG,daily,distribution,51.55,51.55,-84.15,0.0,-100.0,-52.58,,,n/a,-52.58,,1.219,92.0,0.9475,44.0,0.7029,False,none
2026-06-17T11:52:50+00:00,TDY,daily,none,2.25,2.25,0.0,0.0,0.0,-11.27,,,n/a,-11.27,,1.0,52.0,0.8308,44.0,0.127,False,none
2026-06-17T11:52:50+00:00,TECH,daily,none,0.0,0.0,0.0,0.0,0.0,0.0,,,n/a,0.0,,0.5451,4.0,0.7069,20.0,0.3497,False,none
2026-06-17T11:52:50+00:00,TEL,daily,none,0.0,0.0,0.0,0.0,0.0,0.0,,,n/a,0.0,,0.9151,36.0,0.7307,44.0,0.7014,False,none
2026-06-17T11:52:50+00:00,TER,daily,none,0.0,0.0,0.0,0.0,0.0,0.0,,,n/a,0.0,,1.0957,60.0,1.0248,76.0,0.0048,False,none
2026-06-17T11:52:50+00:00,TFC,daily,distribution,32.43,32.43,0.0,0.0,-100.0,-62.15,,,n/a,-62.15,,2.3815,96.0,0.5717,20.0,0.6364,False,none
2026-06-17T11:52:50+00:00,TGT,daily,distribution,30.83,30.83,-47.74,0.0,0.0,-94.47,,,n/a,-94.47,,0.7024,8.0,0.8224,60.0,0.6246,False,none
2026-06-17T11:52:50+00:00,TJX,daily,distribution,21.21,21.21,-54.18,0.0,0.0,-38.34,,,n/a,-38.34,,0.8823,24.0,0.6533,24.0,0.2478,False,none
2026-06-17T11:52:50+00:00,TKO,daily,distribution,26.6,26.6,0.0,0.0,-100.0,-32.99,,,n/a,-32.99,,1.3468,80.0,1.271,88.0,0.5876,False,none
2026-06-17T11:52:50+00:00,TMO,daily,none,0.27,0.27,0.0,0.0,0.0,1.36,,,n/a,1.36,,0.7397,4.0,0.4937,12.0,0.2978,False,none
2026-06-17T11:52:50+00:00,TMUS,daily,accumulation,37.06,37.06,23.88,0.0,100.0,55.43,,,n/a,55.43,,1.163,72.0,1.1666,80.0,0.0595,False,none
2026-06-17T11:52:50+00:00,TPL,daily,none,0.0,0.0,0.0,0.0,0.0,0.0,,,n/a,0.0,,0.9636,36.0,0.5649,16.0,0.2323,False,none
2026-06-17T11:52:50+00:00,TPR,daily,none,9.42,9.42,-12.33,0.0,0.0,-31.72,,,n/a,-31.72,,0.957,40.0,0.9313,60.0,0.0655,False,none
2026-06-17T11:52:50+00:00,TRGP,daily,distribution,29.93,29.93,0.0,0.0,-100.0,-49.65,,,n/a,-49.65,,1.1865,76.0,1.0253,68.0,0.4303,False,none
2026-06-17T11:52:50+00:00,TRI,daily,none,0.0,0.0,0.0,0.0,0.0,0.0,,,n/a,0.0,,1.0076,56.0,0.5431,8.0,0.677,False,none
2026-06-17T11:52:50+00:00,TRMB,daily,none,0.0,0.0,0.0,0.0,0.0,0.0,,,n/a,0.0,,1.1738,76.0,0.9102,44.0,0.5146,False,none
2026-06-17T11:52:50+00:00,TROW,daily,none,0.0,0.0,0.0,0.0,0.0,0.0,,,n/a,0.0,,0.8297,20.0,0.6521,20.0,0.2587,False,none
2026-06-17T11:52:50+00:00,TRV,daily,distribution,38.91,38.91,-59.2,0.0,-100.0,-20.56,,,n/a,-20.56,,1.6693,96.0,0.6946,24.0,0.1343,False,none
2026-06-17T11:52:50+00:00,TSCO,daily,none,0.0,0.0,0.0,0.0,0.0,0.0,,,n/a,0.0,,1.123,68.0,1.012,64.0,0.5636,False,none
2026-06-17T11:52:50+00:00,TSLA,daily,none,0.0,0.0,0.0,0.0,0.0,0.0,,,n/a,0.0,,0.8792,16.0,0.6982,40.0,0.3468,False,none
2026-06-17T11:52:50+00:00,TSN,daily,accumulation,51.0,51.0,60.85,100.0,0.0,3.93,,,n/a,3.93,,0.6346,20.0,0.6421,28.0,0.3396,False,none
2026-06-17T11:52:50+00:00,TT,daily,distribution,20.67,20.67,-18.3,0.0,0.0,-80.49,,,n/a,-80.49,,0.8498,20.0,0.7664,44.0,0.063,False,none
2026-06-17T11:52:50+00:00,TTD,daily,none,0.0,0.0,0.0,0.0,0.0,0.0,,,n/a,0.0,dropped 1 bar(s) with null OHLC,1.2149,92.0,0.5879,8.0,0.5099,False,none
2026-06-17T11:52:50+00:00,TTWO,daily,none,0.0,0.0,0.0,0.0,0.0,0.0,,,n/a,0.0,,1.5933,84.0,1.902,96.0,0.9678,False,none
2026-06-17T11:52:50+00:00,TXN,daily,none,0.0,0.0,0.0,0.0,0.0,0.0,,,n/a,0.0,,1.033,64.0,1.0397,84.0,0.016,False,none
2026-06-17T11:52:50+00:00,TXT,daily,none,6.32,6.32,-2.78,0.0,0.0,-28.11,,,n/a,-28.11,,0.934,36.0,0.5538,8.0,0.2258,False,none
2026-06-17T11:52:50+00:00,TYL,daily,accumulation,83.19,83.19,53.44,100.0,100.0,74.14,,,n/a,74.14,,1.5814,80.0,0.9117,52.0,0.8408,True,new
2026-06-17T11:52:50+00:00,UAL,daily,none,0.0,0.0,0.0,0.0,0.0,0.0,,,n/a,0.0,,1.1845,68.0,0.9023,64.0,0.0238,False,none
2026-06-17T11:52:50+00:00,UBER,daily,accumulation,23.31,23.31,0.0,0.0,100.0,16.53,,,n/a,16.53,dropped 1 bar(s) with null OHLC,1.328,92.0,1.3394,92.0,0.7914,False,none
2026-06-17T11:52:50+00:00,UDR,daily,distribution,26.98,26.98,-49.45,0.0,0.0,-73.06,,,n/a,-73.06,,1.0263,60.0,1.0858,72.0,0.3291,False,none
2026-06-17T11:52:50+00:00,UHS,daily,none,0.0,0.0,0.0,0.0,0.0,0.0,,,n/a,0.0,,0.6625,12.0,0.5207,8.0,0.5133,False,none
2026-06-17T11:52:50+00:00,ULTA,daily,accumulation,69.36,69.36,87.42,100.0,0.0,62.54,,,n/a,62.54,,0.8441,16.0,0.7912,40.0,0.0277,False,none
2026-06-17T11:52:50+00:00,UNH,daily,none,0.0,0.0,0.0,0.0,0.0,0.0,,,n/a,0.0,,0.7101,20.0,0.5383,8.0,0.213,False,none
2026-06-17T11:52:50+00:00,UNP,daily,distribution,40.83,40.83,-25.56,0.0,-100.0,-72.19,,,n/a,-72.19,,0.7744,16.0,0.7253,24.0,0.2723,False,none
2026-06-17T11:52:50+00:00,UPS,daily,distribution,36.85,36.85,-80.57,0.0,0.0,-83.53,,,n/a,-83.53,,0.9157,36.0,0.641,24.0,0.5449,False,none
2026-06-17T11:52:50+00:00,URI,daily,none,0.0,0.0,0.0,0.0,0.0,0.0,,,n/a,0.0,,0.8292,28.0,0.7217,20.0,0.214,False,none
2026-06-17T11:52:50+00:00,USB,daily,distribution,35.79,35.79,-78.8,0.0,0.0,-80.47,,,n/a,-80.47,,0.8822,32.0,0.7694,40.0,0.9474,False,none
2026-06-17T11:52:50+00:00,V,daily,distribution,22.8,22.8,-48.52,0.0,0.0,-53.36,,,n/a,-53.36,,1.3144,80.0,1.3217,88.0,0.9809,False,none
2026-06-17T11:52:50+00:00,VEEV,daily,none,0.0,0.0,0.0,0.0,0.0,0.0,,,n/a,0.0,dropped 1 bar(s) with null OHLC,1.0235,60.0,0.6688,24.0,0.0956,False,none
2026-06-17T11:52:50+00:00,VICI,daily,none,0.04,0.04,0.0,0.0,0.0,-0.18,,,n/a,-0.18,dropped 1 bar(s) with null OHLC,1.3613,88.0,1.3452,92.0,0.1471,False,none
2026-06-17T11:52:50+00:00,VLO,daily,distribution,22.26,22.26,0.0,0.0,-100.0,-11.32,,,n/a,-11.32,,1.0921,64.0,0.6507,28.0,0.6944,False,none
2026-06-17T11:52:50+00:00,VLTO,daily,none,6.59,6.59,5.93,0.0,0.0,25.52,,,n/a,25.52,,0.6156,4.0,0.6461,16.0,0.7591,False,none
2026-06-17T11:52:50+00:00,VMC,daily,distribution,14.8,14.8,-72.6,0.0,100.0,-83.26,,,n/a,-83.26,,1.1309,76.0,0.9835,68.0,0.7401,False,none
2026-06-17T11:52:50+00:00,VRSK,daily,none,0.0,0.0,0.0,0.0,0.0,0.0,,,n/a,0.0,,1.8018,100.0,0.5737,8.0,0.3277,False,none
2026-06-17T11:52:50+00:00,VRSN,daily,none,0.0,0.0,0.0,0.0,0.0,0.0,,,n/a,0.0,,0.7175,24.0,0.499,12.0,0.3995,False,none
2026-06-17T11:52:50+00:00,VRT,daily,none,0.0,0.0,0.0,0.0,0.0,0.0,,,n/a,0.0,dropped 1 bar(s) with null OHLC,0.9885,44.0,0.4862,4.0,0.1647,False,none
2026-06-17T11:52:50+00:00,VRTX,daily,none,9.21,9.21,-37.58,0.0,0.0,0.91,,,n/a,0.91,,1.1533,80.0,0.9025,60.0,0.8664,False,none
2026-06-17T11:52:50+00:00,VST,daily,accumulation,28.15,28.15,0.0,0.0,100.0,40.75,,,n/a,40.75,dropped 1 bar(s) with null OHLC,0.9098,36.0,0.7977,40.0,0.6289,False,none
2026-06-17T11:52:50+00:00,VTR,daily,accumulation,17.66,17.66,0.0,0.0,100.0,-11.68,,,n/a,-11.68,,0.831,28.0,0.6436,24.0,0.6357,False,none
2026-06-17T11:52:50+00:00,VTRS,daily,none,0.0,0.0,0.0,0.0,0.0,0.0,,,n/a,0.0,,0.7028,8.0,0.9807,60.0,0.0732,False,none
2026-06-17T11:52:50+00:00,VZ,daily,none,5.1,5.1,0.0,0.0,0.0,25.48,,,n/a,25.48,,0.9425,40.0,1.026,64.0,0.3853,False,none
2026-06-17T11:52:50+00:00,WAB,daily,distribution,52.65,52.65,-68.94,0.0,-100.0,-77.08,,,n/a,-77.08,,0.949,32.0,0.9408,64.0,0.3408,False,none
2026-06-17T11:52:50+00:00,WAT,daily,none,0.0,0.0,0.0,0.0,0.0,0.0,,,n/a,0.0,,1.261,76.0,1.1336,72.0,0.4643,False,none
2026-06-17T11:52:50+00:00,WDAY,daily,none,0.0,0.0,0.0,0.0,0.0,0.0,,,n/a,0.0,dropped 1 bar(s) with null OHLC,0.7584,16.0,0.6745,32.0,0.1863,False,none
2026-06-17T11:52:50+00:00,WDC,daily,none,0.0,0.0,0.0,0.0,0.0,0.0,,,n/a,0.0,,2.517,100.0,1.6209,96.0,0.2194,False,none
2026-06-17T11:52:50+00:00,WEC,daily,accumulation,16.9,16.9,0.0,0.0,100.0,-15.48,,,n/a,-15.48,,1.1961,88.0,0.856,32.0,0.5146,False,none
2026-06-17T11:52:50+00:00,WELL,daily,distribution,13.45,13.45,-16.47,0.0,0.0,-46.67,,,n/a,-46.67,,0.7411,16.0,0.6631,20.0,0.3924,False,none
2026-06-17T11:52:50+00:00,WFC,daily,distribution,28.7,28.7,-73.89,0.0,0.0,-51.14,,,n/a,-51.14,,0.7964,24.0,0.6235,16.0,0.9911,False,none
2026-06-17T11:52:50+00:00,WM,daily,accumulation,25.06,25.06,0.0,0.0,100.0,25.3,,,n/a,25.3,,1.1616,72.0,0.8312,60.0,0.7343,False,none
2026-06-17T11:52:50+00:00,WMB,daily,distribution,13.32,13.32,24.51,0.0,-100.0,2.78,,,n/a,2.78,,0.941,36.0,0.583,4.0,0.7553,False,none
2026-06-17T11:52:50+00:00,WMT,daily,none,1.88,1.88,0.0,0.0,0.0,-9.41,,,n/a,-9.41,,1.0078,56.0,0.9684,60.0,0.3758,False,none
2026-06-17T11:52:50+00:00,WRB,daily,distribution,20.12,20.12,-64.49,0.0,0.0,-20.0,,,n/a,-20.0,,0.9332,40.0,0.7638,32.0,0.4865,False,none
2026-06-17T11:52:50+00:00,WSM,daily,none,0.0,0.0,0.0,0.0,0.0,0.0,,,n/a,0.0,,1.1532,68.0,0.9989,68.0,0.4764,False,none
2026-06-17T11:52:50+00:00,WST,daily,none,0.0,0.0,0.0,0.0,0.0,0.0,,,n/a,0.0,,1.172,84.0,0.4801,4.0,0.5105,False,none
2026-06-17T11:52:50+00:00,WTW,daily,accumulation,11.66,11.66,4.43,0.0,0.0,52.77,,,n/a,52.77,,0.78,16.0,0.4688,4.0,0.6795,False,none
2026-06-17T11:52:50+00:00,WY,daily,distribution,33.24,33.24,-27.87,-100.0,100.0,-56.35,,,n/a,-56.35,,0.7206,4.0,0.8125,36.0,0.2041,False,none
2026-06-17T11:52:50+00:00,WYNN,daily,accumulation,16.04,16.04,0.0,0.0,100.0,-19.82,,,n/a,-19.82,,0.9397,40.0,1.0132,68.0,0.0556,False,none
2026-06-17T11:52:50+00:00,XEL,daily,accumulation,16.35,16.35,0.0,0.0,100.0,-18.27,,,n/a,-18.27,,1.0,52.0,0.9969,60.0,0.2075,False,none
2026-06-17T11:52:50+00:00,XOM,daily,accumulation,47.19,47.19,66.55,0.0,100.0,52.76,,,n/a,52.76,,1.1407,80.0,0.5245,16.0,0.8664,False,none
2026-06-17T11:52:50+00:00,XYL,daily,accumulation,29.77,29.77,12.59,0.0,100.0,33.09,,,n/a,33.09,,0.8795,24.0,0.6188,4.0,0.2746,False,none
2026-06-17T11:52:50+00:00,XYZ,daily,none,0.0,0.0,0.0,0.0,0.0,0.0,,,n/a,0.0,dropped 1 bar(s) with null OHLC,1.6677,100.0,0.9905,76.0,0.8483,False,none
2026-06-17T11:52:50+00:00,YUM,daily,none,2.24,2.24,-3.77,0.0,0.0,-6.49,,,n/a,-6.49,,1.3691,96.0,1.0845,72.0,0.272,False,none
2026-06-17T11:52:50+00:00,ZBH,daily,none,1.94,1.94,0.0,0.0,0.0,-9.69,,,n/a,-9.69,,1.2245,88.0,0.5503,4.0,0.6929,False,none
2026-06-17T11:52:50+00:00,ZBRA,daily,none,0.0,0.0,0.0,0.0,0.0,0.0,,,n/a,0.0,,0.8611,16.0,0.7458,52.0,0.0873,False,none
2026-06-17T11:52:50+00:00,ZS,daily,none,0.0,0.0,0.0,0.0,0.0,0.0,,,n/a,0.0,dropped 1 bar(s) with null OHLC,0.7989,24.0,0.4713,16.0,0.5543,False,none
2026-06-17T11:52:50+00:00,ZTS,daily,none,0.0,0.0,0.0,0.0,0.0,0.0,,,n/a,0.0,dropped 1 bar(s) with null OHLC,0.7792,20.0,1.0683,68.0,0.3269,False,none
